hour,DR-1
h1,1
h2,1
h3,1
h4,1
h5,1
h6,1
h7,1
h8,1
h9,1
h10,1
h11,1
h12,1
h13,1
h14,1
h15,1
h16,1
h17,1
h18,1
h19,1
h20,1
h21,1
h22,1
h23,1
h24,1
h25,1
h26,1
h27,1
h28,1
h29,1
h30,1
h31,1
h32,1
h33,1
h34,1
h35,1
h36,1
h37,1
h38,1
h39,1
h40,1
h41,1
h42,1
h43,1
h44,1
h45,1
h46,1
h47,1
h48,1
h49,1
h50,1
h51,1
h52,1
h53,1
h54,1
h55,1
h56,1
h57,1
h58,1
h59,1
h60,1
h61,1
h62,1
h63,1
h64,1
h65,1
h66,1
h67,1
h68,1
h69,1
h70,1
h71,1
h72,1
h73,1
h74,1
h75,1
h76,1
h77,1
h78,1
h79,1
h80,1
h81,1
h82,1
h83,1
h84,1
h85,1
h86,1
h87,1
h88,1
h89,1
h90,1
h91,1
h92,1
h93,1
h94,1
h95,1
h96,1
h97,1
h98,1
h99,1
h100,1
h101,1
h102,1
h103,1
h104,1
h105,1
h106,1
h107,1
h108,1
h109,1
h110,1
h111,1
h112,1
h113,1
h114,1
h115,1
h116,1
h117,1
h118,1
h119,1
h120,1
h121,1
h122,1
h123,1
h124,1
h125,1
h126,1
h127,1
h128,1
h129,1
h130,1
h131,1
h132,1
h133,1
h134,1
h135,1
h136,1
h137,1
h138,1
h139,1
h140,1
h141,1
h142,1
h143,1
h144,1
h145,1
h146,1
h147,1
h148,1
h149,1
h150,1
h151,1
h152,1
h153,1
h154,1
h155,1
h156,1
h157,1
h158,1
h159,1
h160,1
h161,1
h162,1
h163,1
h164,1
h165,1
h166,1
h167,1
h168,1
h169,1
h170,1
h171,1
h172,1
h173,1
h174,1
h175,1
h176,1
h177,1
h178,1
h179,1
h180,1
h181,1
h182,1
h183,1
h184,1
h185,1
h186,1
h187,1
h188,1
h189,1
h190,1
h191,1
h192,1
h193,1
h194,1
h195,1
h196,1
h197,1
h198,1
h199,1
h200,1
h201,1
h202,1
h203,1
h204,1
h205,1
h206,1
h207,1
h208,1
h209,1
h210,1
h211,1
h212,1
h213,1
h214,1
h215,1
h216,1
h217,1
h218,1
h219,1
h220,1
h221,1
h222,1
h223,1
h224,1
h225,1
h226,1
h227,1
h228,1
h229,1
h230,1
h231,1
h232,1
h233,1
h234,1
h235,1
h236,1
h237,1
h238,1
h239,1
h240,1
h241,1
h242,1
h243,1
h244,1
h245,1
h246,1
h247,1
h248,1
h249,1
h250,1
h251,1
h252,1
h253,1
h254,1
h255,1
h256,1
h257,1
h258,1
h259,1
h260,1
h261,1
h262,1
h263,1
h264,1
h265,1
h266,1
h267,1
h268,1
h269,1
h270,1
h271,1
h272,1
h273,1
h274,1
h275,1
h276,1
h277,1
h278,1
h279,1
h280,1
h281,1
h282,1
h283,1
h284,1
h285,1
h286,1
h287,1
h288,1
h289,1
h290,1
h291,1
h292,1
h293,1
h294,1
h295,1
h296,1
h297,1
h298,1
h299,1
h300,1
h301,1
h302,1
h303,1
h304,1
h305,1
h306,1
h307,1
h308,1
h309,1
h310,1
h311,1
h312,1
h313,1
h314,1
h315,1
h316,1
h317,1
h318,1
h319,1
h320,1
h321,1
h322,1
h323,1
h324,1
h325,1
h326,1
h327,1
h328,1
h329,1
h330,1
h331,1
h332,1
h333,1
h334,1
h335,1
h336,1
h337,1
h338,1
h339,1
h340,1
h341,1
h342,1
h343,1
h344,1
h345,1
h346,1
h347,1
h348,1
h349,1
h350,1
h351,1
h352,1
h353,1
h354,1
h355,1
h356,1
h357,1
h358,1
h359,1
h360,1
h361,1
h362,1
h363,1
h364,1
h365,1
h366,1
h367,1
h368,1
h369,1
h370,1
h371,1
h372,1
h373,1
h374,1
h375,1
h376,1
h377,1
h378,1
h379,1
h380,1
h381,1
h382,1
h383,1
h384,1
h385,1
h386,1
h387,1
h388,1
h389,1
h390,1
h391,1
h392,1
h393,1
h394,1
h395,1
h396,1
h397,1
h398,1
h399,1
h400,1
h401,1
h402,1
h403,1
h404,1
h405,1
h406,1
h407,1
h408,1
h409,1
h410,1
h411,1
h412,1
h413,1
h414,1
h415,1
h416,1
h417,1
h418,1
h419,1
h420,1
h421,1
h422,1
h423,1
h424,1
h425,1
h426,1
h427,1
h428,1
h429,1
h430,1
h431,1
h432,1
h433,1
h434,1
h435,1
h436,1
h437,1
h438,1
h439,1
h440,1
h441,1
h442,1
h443,1
h444,1
h445,1
h446,1
h447,1
h448,1
h449,1
h450,1
h451,1
h452,1
h453,1
h454,1
h455,1
h456,1
h457,1
h458,1
h459,1
h460,1
h461,1
h462,1
h463,1
h464,1
h465,1
h466,1
h467,1
h468,1
h469,1
h470,1
h471,1
h472,1
h473,1
h474,1
h475,1
h476,1
h477,1
h478,1
h479,1
h480,1
h481,1
h482,1
h483,1
h484,1
h485,1
h486,1
h487,1
h488,1
h489,1
h490,1
h491,1
h492,1
h493,1
h494,1
h495,1
h496,1
h497,1
h498,1
h499,1
h500,1
h501,1
h502,1
h503,1
h504,1
h505,1
h506,1
h507,1
h508,1
h509,1
h510,1
h511,1
h512,1
h513,1
h514,1
h515,1
h516,1
h517,1
h518,1
h519,1
h520,1
h521,1
h522,1
h523,1
h524,1
h525,1
h526,1
h527,1
h528,1
h529,1
h530,1
h531,1
h532,1
h533,1
h534,1
h535,1
h536,1
h537,1
h538,1
h539,1
h540,1
h541,1
h542,1
h543,1
h544,1
h545,1
h546,1
h547,1
h548,1
h549,1
h550,1
h551,1
h552,1
h553,1
h554,1
h555,1
h556,1
h557,1
h558,1
h559,1
h560,1
h561,1
h562,1
h563,1
h564,1
h565,1
h566,1
h567,1
h568,1
h569,1
h570,1
h571,1
h572,1
h573,1
h574,1
h575,1
h576,1
h577,1
h578,1
h579,1
h580,1
h581,1
h582,1
h583,1
h584,1
h585,1
h586,1
h587,1
h588,1
h589,1
h590,1
h591,1
h592,1
h593,1
h594,1
h595,1
h596,1
h597,1
h598,1
h599,1
h600,1
h601,1
h602,1
h603,1
h604,1
h605,1
h606,1
h607,1
h608,1
h609,1
h610,1
h611,1
h612,1
h613,1
h614,1
h615,1
h616,1
h617,1
h618,1
h619,1
h620,1
h621,1
h622,1
h623,1
h624,1
h625,1
h626,1
h627,1
h628,1
h629,1
h630,1
h631,1
h632,1
h633,1
h634,1
h635,1
h636,1
h637,1
h638,1
h639,1
h640,1
h641,1
h642,1
h643,1
h644,1
h645,1
h646,1
h647,1
h648,1
h649,1
h650,1
h651,1
h652,1
h653,1
h654,1
h655,1
h656,1
h657,1
h658,1
h659,1
h660,1
h661,1
h662,1
h663,1
h664,1
h665,1
h666,1
h667,1
h668,1
h669,1
h670,1
h671,1
h672,1
h673,1
h674,1
h675,1
h676,1
h677,1
h678,1
h679,1
h680,1
h681,1
h682,1
h683,1
h684,1
h685,1
h686,1
h687,1
h688,1
h689,1
h690,1
h691,1
h692,1
h693,1
h694,1
h695,1
h696,1
h697,1
h698,1
h699,1
h700,1
h701,1
h702,1
h703,1
h704,1
h705,1
h706,1
h707,1
h708,1
h709,1
h710,1
h711,1
h712,1
h713,1
h714,1
h715,1
h716,1
h717,1
h718,1
h719,1
h720,1
h721,1
h722,1
h723,1
h724,1
h725,1
h726,1
h727,1
h728,1
h729,1
h730,1
h731,1
h732,1
h733,1
h734,1
h735,1
h736,1
h737,1
h738,1
h739,1
h740,1
h741,1
h742,1
h743,1
h744,1
h745,1
h746,1
h747,1
h748,1
h749,1
h750,1
h751,1
h752,1
h753,1
h754,1
h755,1
h756,1
h757,1
h758,1
h759,1
h760,1
h761,1
h762,1
h763,1
h764,1
h765,1
h766,1
h767,1
h768,1
h769,1
h770,1
h771,1
h772,1
h773,1
h774,1
h775,1
h776,1
h777,1
h778,1
h779,1
h780,1
h781,1
h782,1
h783,1
h784,1
h785,1
h786,1
h787,1
h788,1
h789,1
h790,1
h791,1
h792,1
h793,1
h794,1
h795,1
h796,1
h797,1
h798,1
h799,1
h800,1
h801,1
h802,1
h803,1
h804,1
h805,1
h806,1
h807,1
h808,1
h809,1
h810,1
h811,1
h812,1
h813,1
h814,1
h815,1
h816,1
h817,1
h818,1
h819,1
h820,1
h821,1
h822,1
h823,1
h824,1
h825,1
h826,1
h827,1
h828,1
h829,1
h830,1
h831,1
h832,1
h833,1
h834,1
h835,1
h836,1
h837,1
h838,1
h839,1
h840,1
h841,1
h842,1
h843,1
h844,1
h845,1
h846,1
h847,1
h848,1
h849,1
h850,1
h851,1
h852,1
h853,1
h854,1
h855,1
h856,1
h857,1
h858,1
h859,1
h860,1
h861,1
h862,1
h863,1
h864,1
h865,1
h866,1
h867,1
h868,1
h869,1
h870,1
h871,1
h872,1
h873,1
h874,1
h875,1
h876,1
h877,1
h878,1
h879,1
h880,1
h881,1
h882,1
h883,1
h884,1
h885,1
h886,1
h887,1
h888,1
h889,1
h890,1
h891,1
h892,1
h893,1
h894,1
h895,1
h896,1
h897,1
h898,1
h899,1
h900,1
h901,1
h902,1
h903,1
h904,1
h905,1
h906,1
h907,1
h908,1
h909,1
h910,1
h911,1
h912,1
h913,1
h914,1
h915,1
h916,1
h917,1
h918,1
h919,1
h920,1
h921,1
h922,1
h923,1
h924,1
h925,1
h926,1
h927,1
h928,1
h929,1
h930,1
h931,1
h932,1
h933,1
h934,1
h935,1
h936,1
h937,1
h938,1
h939,1
h940,1
h941,1
h942,1
h943,1
h944,1
h945,1
h946,1
h947,1
h948,1
h949,1
h950,1
h951,1
h952,1
h953,1
h954,1
h955,1
h956,1
h957,1
h958,1
h959,1
h960,1
h961,1
h962,1
h963,1
h964,1
h965,1
h966,1
h967,1
h968,1
h969,1
h970,1
h971,1
h972,1
h973,1
h974,1
h975,1
h976,1
h977,1
h978,1
h979,1
h980,1
h981,1
h982,1
h983,1
h984,1
h985,1
h986,1
h987,1
h988,1
h989,1
h990,1
h991,1
h992,1
h993,1
h994,1
h995,1
h996,1
h997,1
h998,1
h999,1
h1000,1
h1001,1
h1002,1
h1003,1
h1004,1
h1005,1
h1006,1
h1007,1
h1008,1
h1009,1
h1010,1
h1011,1
h1012,1
h1013,1
h1014,1
h1015,1
h1016,1
h1017,1
h1018,1
h1019,1
h1020,1
h1021,1
h1022,1
h1023,1
h1024,1
h1025,1
h1026,1
h1027,1
h1028,1
h1029,1
h1030,1
h1031,1
h1032,1
h1033,1
h1034,1
h1035,1
h1036,1
h1037,1
h1038,1
h1039,1
h1040,1
h1041,1
h1042,1
h1043,1
h1044,1
h1045,1
h1046,1
h1047,1
h1048,1
h1049,1
h1050,1
h1051,1
h1052,1
h1053,1
h1054,1
h1055,1
h1056,1
h1057,1
h1058,1
h1059,1
h1060,1
h1061,1
h1062,1
h1063,1
h1064,1
h1065,1
h1066,1
h1067,1
h1068,1
h1069,1
h1070,1
h1071,1
h1072,1
h1073,1
h1074,1
h1075,1
h1076,1
h1077,1
h1078,1
h1079,1
h1080,1
h1081,1
h1082,1
h1083,1
h1084,1
h1085,1
h1086,1
h1087,1
h1088,1
h1089,1
h1090,1
h1091,1
h1092,1
h1093,1
h1094,1
h1095,1
h1096,1
h1097,1
h1098,1
h1099,1
h1100,1
h1101,1
h1102,1
h1103,1
h1104,1
h1105,1
h1106,1
h1107,1
h1108,1
h1109,1
h1110,1
h1111,1
h1112,1
h1113,1
h1114,1
h1115,1
h1116,1
h1117,1
h1118,1
h1119,1
h1120,1
h1121,1
h1122,1
h1123,1
h1124,1
h1125,1
h1126,1
h1127,1
h1128,1
h1129,1
h1130,1
h1131,1
h1132,1
h1133,1
h1134,1
h1135,1
h1136,1
h1137,1
h1138,1
h1139,1
h1140,1
h1141,1
h1142,1
h1143,1
h1144,1
h1145,1
h1146,1
h1147,1
h1148,1
h1149,1
h1150,1
h1151,1
h1152,1
h1153,1
h1154,1
h1155,1
h1156,1
h1157,1
h1158,1
h1159,1
h1160,1
h1161,1
h1162,1
h1163,1
h1164,1
h1165,1
h1166,1
h1167,1
h1168,1
h1169,1
h1170,1
h1171,1
h1172,1
h1173,1
h1174,1
h1175,1
h1176,1
h1177,1
h1178,1
h1179,1
h1180,1
h1181,1
h1182,1
h1183,1
h1184,1
h1185,1
h1186,1
h1187,1
h1188,1
h1189,1
h1190,1
h1191,1
h1192,1
h1193,1
h1194,1
h1195,1
h1196,1
h1197,1
h1198,1
h1199,1
h1200,1
h1201,1
h1202,1
h1203,1
h1204,1
h1205,1
h1206,1
h1207,1
h1208,1
h1209,1
h1210,1
h1211,1
h1212,1
h1213,1
h1214,1
h1215,1
h1216,1
h1217,1
h1218,1
h1219,1
h1220,1
h1221,1
h1222,1
h1223,1
h1224,1
h1225,1
h1226,1
h1227,1
h1228,1
h1229,1
h1230,1
h1231,1
h1232,1
h1233,1
h1234,1
h1235,1
h1236,1
h1237,1
h1238,1
h1239,1
h1240,1
h1241,1
h1242,1
h1243,1
h1244,1
h1245,1
h1246,1
h1247,1
h1248,1
h1249,1
h1250,1
h1251,1
h1252,1
h1253,1
h1254,1
h1255,1
h1256,1
h1257,1
h1258,1
h1259,1
h1260,1
h1261,1
h1262,1
h1263,1
h1264,1
h1265,1
h1266,1
h1267,1
h1268,1
h1269,1
h1270,1
h1271,1
h1272,1
h1273,1
h1274,1
h1275,1
h1276,1
h1277,1
h1278,1
h1279,1
h1280,1
h1281,1
h1282,1
h1283,1
h1284,1
h1285,1
h1286,1
h1287,1
h1288,1
h1289,1
h1290,1
h1291,1
h1292,1
h1293,1
h1294,1
h1295,1
h1296,1
h1297,1
h1298,1
h1299,1
h1300,1
h1301,1
h1302,1
h1303,1
h1304,1
h1305,1
h1306,1
h1307,1
h1308,1
h1309,1
h1310,1
h1311,1
h1312,1
h1313,1
h1314,1
h1315,1
h1316,1
h1317,1
h1318,1
h1319,1
h1320,1
h1321,1
h1322,1
h1323,1
h1324,1
h1325,1
h1326,1
h1327,1
h1328,1
h1329,1
h1330,1
h1331,1
h1332,1
h1333,1
h1334,1
h1335,1
h1336,1
h1337,1
h1338,1
h1339,1
h1340,1
h1341,1
h1342,1
h1343,1
h1344,1
h1345,1
h1346,1
h1347,1
h1348,1
h1349,1
h1350,1
h1351,1
h1352,1
h1353,1
h1354,1
h1355,1
h1356,1
h1357,1
h1358,1
h1359,1
h1360,1
h1361,1
h1362,1
h1363,1
h1364,1
h1365,1
h1366,1
h1367,1
h1368,1
h1369,1
h1370,1
h1371,1
h1372,1
h1373,1
h1374,1
h1375,1
h1376,1
h1377,1
h1378,1
h1379,1
h1380,1
h1381,1
h1382,1
h1383,1
h1384,1
h1385,1
h1386,1
h1387,1
h1388,1
h1389,1
h1390,1
h1391,1
h1392,1
h1393,1
h1394,1
h1395,1
h1396,1
h1397,1
h1398,1
h1399,1
h1400,1
h1401,1
h1402,1
h1403,1
h1404,1
h1405,1
h1406,1
h1407,1
h1408,1
h1409,1
h1410,1
h1411,1
h1412,1
h1413,1
h1414,1
h1415,1
h1416,1
h1417,1
h1418,1
h1419,1
h1420,1
h1421,1
h1422,1
h1423,1
h1424,1
h1425,1
h1426,1
h1427,1
h1428,1
h1429,1
h1430,1
h1431,1
h1432,1
h1433,1
h1434,1
h1435,1
h1436,1
h1437,1
h1438,1
h1439,1
h1440,1
h1441,1
h1442,1
h1443,1
h1444,1
h1445,1
h1446,1
h1447,1
h1448,1
h1449,1
h1450,1
h1451,1
h1452,1
h1453,1
h1454,1
h1455,1
h1456,1
h1457,1
h1458,1
h1459,1
h1460,1
h1461,1
h1462,1
h1463,1
h1464,1
h1465,1
h1466,1
h1467,1
h1468,1
h1469,1
h1470,1
h1471,1
h1472,1
h1473,1
h1474,1
h1475,1
h1476,1
h1477,1
h1478,1
h1479,1
h1480,1
h1481,1
h1482,1
h1483,1
h1484,1
h1485,1
h1486,1
h1487,1
h1488,1
h1489,1
h1490,1
h1491,1
h1492,1
h1493,1
h1494,1
h1495,1
h1496,1
h1497,1
h1498,1
h1499,1
h1500,1
h1501,1
h1502,1
h1503,1
h1504,1
h1505,1
h1506,1
h1507,1
h1508,1
h1509,1
h1510,1
h1511,1
h1512,1
h1513,1
h1514,1
h1515,1
h1516,1
h1517,1
h1518,1
h1519,1
h1520,1
h1521,1
h1522,1
h1523,1
h1524,1
h1525,1
h1526,1
h1527,1
h1528,1
h1529,1
h1530,1
h1531,1
h1532,1
h1533,1
h1534,1
h1535,1
h1536,1
h1537,1
h1538,1
h1539,1
h1540,1
h1541,1
h1542,1
h1543,1
h1544,1
h1545,1
h1546,1
h1547,1
h1548,1
h1549,1
h1550,1
h1551,1
h1552,1
h1553,1
h1554,1
h1555,1
h1556,1
h1557,1
h1558,1
h1559,1
h1560,1
h1561,1
h1562,1
h1563,1
h1564,1
h1565,1
h1566,1
h1567,1
h1568,1
h1569,1
h1570,1
h1571,1
h1572,1
h1573,1
h1574,1
h1575,1
h1576,1
h1577,1
h1578,1
h1579,1
h1580,1
h1581,1
h1582,1
h1583,1
h1584,1
h1585,1
h1586,1
h1587,1
h1588,1
h1589,1
h1590,1
h1591,1
h1592,1
h1593,1
h1594,1
h1595,1
h1596,1
h1597,1
h1598,1
h1599,1
h1600,1
h1601,1
h1602,1
h1603,1
h1604,1
h1605,1
h1606,1
h1607,1
h1608,1
h1609,1
h1610,1
h1611,1
h1612,1
h1613,1
h1614,1
h1615,1
h1616,1
h1617,1
h1618,1
h1619,1
h1620,1
h1621,1
h1622,1
h1623,1
h1624,1
h1625,1
h1626,1
h1627,1
h1628,1
h1629,1
h1630,1
h1631,1
h1632,1
h1633,1
h1634,1
h1635,1
h1636,1
h1637,1
h1638,1
h1639,1
h1640,1
h1641,1
h1642,1
h1643,1
h1644,1
h1645,1
h1646,1
h1647,1
h1648,1
h1649,1
h1650,1
h1651,1
h1652,1
h1653,1
h1654,1
h1655,1
h1656,1
h1657,1
h1658,1
h1659,1
h1660,1
h1661,1
h1662,1
h1663,1
h1664,1
h1665,1
h1666,1
h1667,1
h1668,1
h1669,1
h1670,1
h1671,1
h1672,1
h1673,1
h1674,1
h1675,1
h1676,1
h1677,1
h1678,1
h1679,1
h1680,1
h1681,1
h1682,1
h1683,1
h1684,1
h1685,1
h1686,1
h1687,1
h1688,1
h1689,1
h1690,1
h1691,1
h1692,1
h1693,1
h1694,1
h1695,1
h1696,1
h1697,1
h1698,1
h1699,1
h1700,1
h1701,1
h1702,1
h1703,1
h1704,1
h1705,1
h1706,1
h1707,1
h1708,1
h1709,1
h1710,1
h1711,1
h1712,1
h1713,1
h1714,1
h1715,1
h1716,1
h1717,1
h1718,1
h1719,1
h1720,1
h1721,1
h1722,1
h1723,1
h1724,1
h1725,1
h1726,1
h1727,1
h1728,1
h1729,1
h1730,1
h1731,1
h1732,1
h1733,1
h1734,1
h1735,1
h1736,1
h1737,1
h1738,1
h1739,1
h1740,1
h1741,1
h1742,1
h1743,1
h1744,1
h1745,1
h1746,1
h1747,1
h1748,1
h1749,1
h1750,1
h1751,1
h1752,1
h1753,1
h1754,1
h1755,1
h1756,1
h1757,1
h1758,1
h1759,1
h1760,1
h1761,1
h1762,1
h1763,1
h1764,1
h1765,1
h1766,1
h1767,1
h1768,1
h1769,1
h1770,1
h1771,1
h1772,1
h1773,1
h1774,1
h1775,1
h1776,1
h1777,1
h1778,1
h1779,1
h1780,1
h1781,1
h1782,1
h1783,1
h1784,1
h1785,1
h1786,1
h1787,1
h1788,1
h1789,1
h1790,1
h1791,1
h1792,1
h1793,1
h1794,1
h1795,1
h1796,1
h1797,1
h1798,1
h1799,1
h1800,1
h1801,1
h1802,1
h1803,1
h1804,1
h1805,1
h1806,1
h1807,1
h1808,1
h1809,1
h1810,1
h1811,1
h1812,1
h1813,1
h1814,1
h1815,1
h1816,1
h1817,1
h1818,1
h1819,1
h1820,1
h1821,1
h1822,1
h1823,1
h1824,1
h1825,1
h1826,1
h1827,1
h1828,1
h1829,1
h1830,1
h1831,1
h1832,1
h1833,1
h1834,1
h1835,1
h1836,1
h1837,1
h1838,1
h1839,1
h1840,1
h1841,1
h1842,1
h1843,1
h1844,1
h1845,1
h1846,1
h1847,1
h1848,1
h1849,1
h1850,1
h1851,1
h1852,1
h1853,1
h1854,1
h1855,1
h1856,1
h1857,1
h1858,1
h1859,1
h1860,1
h1861,1
h1862,1
h1863,1
h1864,1
h1865,1
h1866,1
h1867,1
h1868,1
h1869,1
h1870,1
h1871,1
h1872,1
h1873,1
h1874,1
h1875,1
h1876,1
h1877,1
h1878,1
h1879,1
h1880,1
h1881,1
h1882,1
h1883,1
h1884,1
h1885,1
h1886,1
h1887,1
h1888,1
h1889,1
h1890,1
h1891,1
h1892,1
h1893,1
h1894,1
h1895,1
h1896,1
h1897,1
h1898,1
h1899,1
h1900,1
h1901,1
h1902,1
h1903,1
h1904,1
h1905,1
h1906,1
h1907,1
h1908,1
h1909,1
h1910,1
h1911,1
h1912,1
h1913,1
h1914,1
h1915,1
h1916,1
h1917,1
h1918,1
h1919,1
h1920,1
h1921,1
h1922,1
h1923,1
h1924,1
h1925,1
h1926,1
h1927,1
h1928,1
h1929,1
h1930,1
h1931,1
h1932,1
h1933,1
h1934,1
h1935,1
h1936,1
h1937,1
h1938,1
h1939,1
h1940,1
h1941,1
h1942,1
h1943,1
h1944,1
h1945,1
h1946,1
h1947,1
h1948,1
h1949,1
h1950,1
h1951,1
h1952,1
h1953,1
h1954,1
h1955,1
h1956,1
h1957,1
h1958,1
h1959,1
h1960,1
h1961,1
h1962,1
h1963,1
h1964,1
h1965,1
h1966,1
h1967,1
h1968,1
h1969,1
h1970,1
h1971,1
h1972,1
h1973,1
h1974,1
h1975,1
h1976,1
h1977,1
h1978,1
h1979,1
h1980,1
h1981,1
h1982,1
h1983,1
h1984,1
h1985,1
h1986,1
h1987,1
h1988,1
h1989,1
h1990,1
h1991,1
h1992,1
h1993,1
h1994,1
h1995,1
h1996,1
h1997,1
h1998,1
h1999,1
h2000,1
h2001,1
h2002,1
h2003,1
h2004,1
h2005,1
h2006,1
h2007,1
h2008,1
h2009,1
h2010,1
h2011,1
h2012,1
h2013,1
h2014,1
h2015,1
h2016,1
h2017,1
h2018,1
h2019,1
h2020,1
h2021,1
h2022,1
h2023,1
h2024,1
h2025,1
h2026,1
h2027,1
h2028,1
h2029,1
h2030,1
h2031,1
h2032,1
h2033,1
h2034,1
h2035,1
h2036,1
h2037,1
h2038,1
h2039,1
h2040,1
h2041,1
h2042,1
h2043,1
h2044,1
h2045,1
h2046,1
h2047,1
h2048,1
h2049,1
h2050,1
h2051,1
h2052,1
h2053,1
h2054,1
h2055,1
h2056,1
h2057,1
h2058,1
h2059,1
h2060,1
h2061,1
h2062,1
h2063,1
h2064,1
h2065,1
h2066,1
h2067,1
h2068,1
h2069,1
h2070,1
h2071,1
h2072,1
h2073,1
h2074,1
h2075,1
h2076,1
h2077,1
h2078,1
h2079,1
h2080,1
h2081,1
h2082,1
h2083,1
h2084,1
h2085,1
h2086,1
h2087,1
h2088,1
h2089,1
h2090,1
h2091,1
h2092,1
h2093,1
h2094,1
h2095,1
h2096,1
h2097,1
h2098,1
h2099,1
h2100,1
h2101,1
h2102,1
h2103,1
h2104,1
h2105,1
h2106,1
h2107,1
h2108,1
h2109,1
h2110,1
h2111,1
h2112,1
h2113,1
h2114,1
h2115,1
h2116,1
h2117,1
h2118,1
h2119,1
h2120,1
h2121,1
h2122,1
h2123,1
h2124,1
h2125,1
h2126,1
h2127,1
h2128,1
h2129,1
h2130,1
h2131,1
h2132,1
h2133,1
h2134,1
h2135,1
h2136,1
h2137,1
h2138,1
h2139,1
h2140,1
h2141,1
h2142,1
h2143,1
h2144,1
h2145,1
h2146,1
h2147,1
h2148,1
h2149,1
h2150,1
h2151,1
h2152,1
h2153,1
h2154,1
h2155,1
h2156,1
h2157,1
h2158,1
h2159,1
h2160,1
h2161,1
h2162,1
h2163,1
h2164,1
h2165,1
h2166,1
h2167,1
h2168,1
h2169,1
h2170,1
h2171,1
h2172,1
h2173,1
h2174,1
h2175,1
h2176,1
h2177,1
h2178,1
h2179,1
h2180,1
h2181,1
h2182,1
h2183,1
h2184,1
h2185,1
h2186,1
h2187,1
h2188,1
h2189,1
h2190,1
h2191,1
h2192,1
h2193,1
h2194,1
h2195,1
h2196,1
h2197,1
h2198,1
h2199,1
h2200,1
h2201,1
h2202,1
h2203,1
h2204,1
h2205,1
h2206,1
h2207,1
h2208,1
h2209,1
h2210,1
h2211,1
h2212,1
h2213,1
h2214,1
h2215,1
h2216,1
h2217,1
h2218,1
h2219,1
h2220,1
h2221,1
h2222,1
h2223,1
h2224,1
h2225,1
h2226,1
h2227,1
h2228,1
h2229,1
h2230,1
h2231,1
h2232,1
h2233,1
h2234,1
h2235,1
h2236,1
h2237,1
h2238,1
h2239,1
h2240,1
h2241,1
h2242,1
h2243,1
h2244,1
h2245,1
h2246,1
h2247,1
h2248,1
h2249,1
h2250,1
h2251,1
h2252,1
h2253,1
h2254,1
h2255,1
h2256,1
h2257,1
h2258,1
h2259,1
h2260,1
h2261,1
h2262,1
h2263,1
h2264,1
h2265,1
h2266,1
h2267,1
h2268,1
h2269,1
h2270,1
h2271,1
h2272,1
h2273,1
h2274,1
h2275,1
h2276,1
h2277,1
h2278,1
h2279,1
h2280,1
h2281,1
h2282,1
h2283,1
h2284,1
h2285,1
h2286,1
h2287,1
h2288,1
h2289,1
h2290,1
h2291,1
h2292,1
h2293,1
h2294,1
h2295,1
h2296,1
h2297,1
h2298,1
h2299,1
h2300,1
h2301,1
h2302,1
h2303,1
h2304,1
h2305,1
h2306,1
h2307,1
h2308,1
h2309,1
h2310,1
h2311,1
h2312,1
h2313,1
h2314,1
h2315,1
h2316,1
h2317,1
h2318,1
h2319,1
h2320,1
h2321,1
h2322,1
h2323,1
h2324,1
h2325,1
h2326,1
h2327,1
h2328,1
h2329,1
h2330,1
h2331,1
h2332,1
h2333,1
h2334,1
h2335,1
h2336,1
h2337,1
h2338,1
h2339,1
h2340,1
h2341,1
h2342,1
h2343,1
h2344,1
h2345,1
h2346,1
h2347,1
h2348,1
h2349,1
h2350,1
h2351,1
h2352,1
h2353,1
h2354,1
h2355,1
h2356,1
h2357,1
h2358,1
h2359,1
h2360,1
h2361,1
h2362,1
h2363,1
h2364,1
h2365,1
h2366,1
h2367,1
h2368,1
h2369,1
h2370,1
h2371,1
h2372,1
h2373,1
h2374,1
h2375,1
h2376,1
h2377,1
h2378,1
h2379,1
h2380,1
h2381,1
h2382,1
h2383,1
h2384,1
h2385,1
h2386,1
h2387,1
h2388,1
h2389,1
h2390,1
h2391,1
h2392,1
h2393,1
h2394,1
h2395,1
h2396,1
h2397,1
h2398,1
h2399,1
h2400,1
h2401,1
h2402,1
h2403,1
h2404,1
h2405,1
h2406,1
h2407,1
h2408,1
h2409,1
h2410,1
h2411,1
h2412,1
h2413,1
h2414,1
h2415,1
h2416,1
h2417,1
h2418,1
h2419,1
h2420,1
h2421,1
h2422,1
h2423,1
h2424,1
h2425,1
h2426,1
h2427,1
h2428,1
h2429,1
h2430,1
h2431,1
h2432,1
h2433,1
h2434,1
h2435,1
h2436,1
h2437,1
h2438,1
h2439,1
h2440,1
h2441,1
h2442,1
h2443,1
h2444,1
h2445,1
h2446,1
h2447,1
h2448,1
h2449,1
h2450,1
h2451,1
h2452,1
h2453,1
h2454,1
h2455,1
h2456,1
h2457,1
h2458,1
h2459,1
h2460,1
h2461,1
h2462,1
h2463,1
h2464,1
h2465,1
h2466,1
h2467,1
h2468,1
h2469,1
h2470,1
h2471,1
h2472,1
h2473,1
h2474,1
h2475,1
h2476,1
h2477,1
h2478,1
h2479,1
h2480,1
h2481,1
h2482,1
h2483,1
h2484,1
h2485,1
h2486,1
h2487,1
h2488,1
h2489,1
h2490,1
h2491,1
h2492,1
h2493,1
h2494,1
h2495,1
h2496,1
h2497,1
h2498,1
h2499,1
h2500,1
h2501,1
h2502,1
h2503,1
h2504,1
h2505,1
h2506,1
h2507,1
h2508,1
h2509,1
h2510,1
h2511,1
h2512,1
h2513,1
h2514,1
h2515,1
h2516,1
h2517,1
h2518,1
h2519,1
h2520,1
h2521,1
h2522,1
h2523,1
h2524,1
h2525,1
h2526,1
h2527,1
h2528,1
h2529,1
h2530,1
h2531,1
h2532,1
h2533,1
h2534,1
h2535,1
h2536,1
h2537,1
h2538,1
h2539,1
h2540,1
h2541,1
h2542,1
h2543,1
h2544,1
h2545,1
h2546,1
h2547,1
h2548,1
h2549,1
h2550,1
h2551,1
h2552,1
h2553,1
h2554,1
h2555,1
h2556,1
h2557,1
h2558,1
h2559,1
h2560,1
h2561,1
h2562,1
h2563,1
h2564,1
h2565,1
h2566,1
h2567,1
h2568,1
h2569,1
h2570,1
h2571,1
h2572,1
h2573,1
h2574,1
h2575,1
h2576,1
h2577,1
h2578,1
h2579,1
h2580,1
h2581,1
h2582,1
h2583,1
h2584,1
h2585,1
h2586,1
h2587,1
h2588,1
h2589,1
h2590,1
h2591,1
h2592,1
h2593,1
h2594,1
h2595,1
h2596,1
h2597,1
h2598,1
h2599,1
h2600,1
h2601,1
h2602,1
h2603,1
h2604,1
h2605,1
h2606,1
h2607,1
h2608,1
h2609,1
h2610,1
h2611,1
h2612,1
h2613,1
h2614,1
h2615,1
h2616,1
h2617,1
h2618,1
h2619,1
h2620,1
h2621,1
h2622,1
h2623,1
h2624,1
h2625,1
h2626,1
h2627,1
h2628,1
h2629,1
h2630,1
h2631,1
h2632,1
h2633,1
h2634,1
h2635,1
h2636,1
h2637,1
h2638,1
h2639,1
h2640,1
h2641,1
h2642,1
h2643,1
h2644,1
h2645,1
h2646,1
h2647,1
h2648,1
h2649,1
h2650,1
h2651,1
h2652,1
h2653,1
h2654,1
h2655,1
h2656,1
h2657,1
h2658,1
h2659,1
h2660,1
h2661,1
h2662,1
h2663,1
h2664,1
h2665,1
h2666,1
h2667,1
h2668,1
h2669,1
h2670,1
h2671,1
h2672,1
h2673,1
h2674,1
h2675,1
h2676,1
h2677,1
h2678,1
h2679,1
h2680,1
h2681,1
h2682,1
h2683,1
h2684,1
h2685,1
h2686,1
h2687,1
h2688,1
h2689,1
h2690,1
h2691,1
h2692,1
h2693,1
h2694,1
h2695,1
h2696,1
h2697,1
h2698,1
h2699,1
h2700,1
h2701,1
h2702,1
h2703,1
h2704,1
h2705,1
h2706,1
h2707,1
h2708,1
h2709,1
h2710,1
h2711,1
h2712,1
h2713,1
h2714,1
h2715,1
h2716,1
h2717,1
h2718,1
h2719,1
h2720,1
h2721,1
h2722,1
h2723,1
h2724,1
h2725,1
h2726,1
h2727,1
h2728,1
h2729,1
h2730,1
h2731,1
h2732,1
h2733,1
h2734,1
h2735,1
h2736,1
h2737,1
h2738,1
h2739,1
h2740,1
h2741,1
h2742,1
h2743,1
h2744,1
h2745,1
h2746,1
h2747,1
h2748,1
h2749,1
h2750,1
h2751,1
h2752,1
h2753,1
h2754,1
h2755,1
h2756,1
h2757,1
h2758,1
h2759,1
h2760,1
h2761,1
h2762,1
h2763,1
h2764,1
h2765,1
h2766,1
h2767,1
h2768,1
h2769,1
h2770,1
h2771,1
h2772,1
h2773,1
h2774,1
h2775,1
h2776,1
h2777,1
h2778,1
h2779,1
h2780,1
h2781,1
h2782,1
h2783,1
h2784,1
h2785,1
h2786,1
h2787,1
h2788,1
h2789,1
h2790,1
h2791,1
h2792,1
h2793,1
h2794,1
h2795,1
h2796,1
h2797,1
h2798,1
h2799,1
h2800,1
h2801,1
h2802,1
h2803,1
h2804,1
h2805,1
h2806,1
h2807,1
h2808,1
h2809,1
h2810,1
h2811,1
h2812,1
h2813,1
h2814,1
h2815,1
h2816,1
h2817,1
h2818,1
h2819,1
h2820,1
h2821,1
h2822,1
h2823,1
h2824,1
h2825,1
h2826,1
h2827,1
h2828,1
h2829,1
h2830,1
h2831,1
h2832,1
h2833,1
h2834,1
h2835,1
h2836,1
h2837,1
h2838,1
h2839,1
h2840,1
h2841,1
h2842,1
h2843,1
h2844,1
h2845,1
h2846,1
h2847,1
h2848,1
h2849,1
h2850,1
h2851,1
h2852,1
h2853,1
h2854,1
h2855,1
h2856,1
h2857,1
h2858,1
h2859,1
h2860,1
h2861,1
h2862,1
h2863,1
h2864,1
h2865,1
h2866,1
h2867,1
h2868,1
h2869,1
h2870,1
h2871,1
h2872,1
h2873,1
h2874,1
h2875,1
h2876,1
h2877,1
h2878,1
h2879,1
h2880,1
h2881,1
h2882,1
h2883,1
h2884,1
h2885,1
h2886,1
h2887,1
h2888,1
h2889,1
h2890,1
h2891,1
h2892,1
h2893,1
h2894,1
h2895,1
h2896,1
h2897,1
h2898,1
h2899,1
h2900,1
h2901,1
h2902,1
h2903,1
h2904,1
h2905,1
h2906,1
h2907,1
h2908,1
h2909,1
h2910,1
h2911,1
h2912,1
h2913,1
h2914,1
h2915,1
h2916,1
h2917,1
h2918,1
h2919,1
h2920,1
h2921,1
h2922,1
h2923,1
h2924,1
h2925,1
h2926,1
h2927,1
h2928,1
h2929,1
h2930,1
h2931,1
h2932,1
h2933,1
h2934,1
h2935,1
h2936,1
h2937,1
h2938,1
h2939,1
h2940,1
h2941,1
h2942,1
h2943,1
h2944,1
h2945,1
h2946,1
h2947,1
h2948,1
h2949,1
h2950,1
h2951,1
h2952,1
h2953,1
h2954,1
h2955,1
h2956,1
h2957,1
h2958,1
h2959,1
h2960,1
h2961,1
h2962,1
h2963,1
h2964,1
h2965,1
h2966,1
h2967,1
h2968,1
h2969,1
h2970,1
h2971,1
h2972,1
h2973,1
h2974,1
h2975,1
h2976,1
h2977,1
h2978,1
h2979,1
h2980,1
h2981,1
h2982,1
h2983,1
h2984,1
h2985,1
h2986,1
h2987,1
h2988,1
h2989,1
h2990,1
h2991,1
h2992,1
h2993,1
h2994,1
h2995,1
h2996,1
h2997,1
h2998,1
h2999,1
h3000,1
h3001,1
h3002,1
h3003,1
h3004,1
h3005,1
h3006,1
h3007,1
h3008,1
h3009,1
h3010,1
h3011,1
h3012,1
h3013,1
h3014,1
h3015,1
h3016,1
h3017,1
h3018,1
h3019,1
h3020,1
h3021,1
h3022,1
h3023,1
h3024,1
h3025,1
h3026,1
h3027,1
h3028,1
h3029,1
h3030,1
h3031,1
h3032,1
h3033,1
h3034,1
h3035,1
h3036,1
h3037,1
h3038,1
h3039,1
h3040,1
h3041,1
h3042,1
h3043,1
h3044,1
h3045,1
h3046,1
h3047,1
h3048,1
h3049,1
h3050,1
h3051,1
h3052,1
h3053,1
h3054,1
h3055,1
h3056,1
h3057,1
h3058,1
h3059,1
h3060,1
h3061,1
h3062,1
h3063,1
h3064,1
h3065,1
h3066,1
h3067,1
h3068,1
h3069,1
h3070,1
h3071,1
h3072,1
h3073,1
h3074,1
h3075,1
h3076,1
h3077,1
h3078,1
h3079,1
h3080,1
h3081,1
h3082,1
h3083,1
h3084,1
h3085,1
h3086,1
h3087,1
h3088,1
h3089,1
h3090,1
h3091,1
h3092,1
h3093,1
h3094,1
h3095,1
h3096,1
h3097,1
h3098,1
h3099,1
h3100,1
h3101,1
h3102,1
h3103,1
h3104,1
h3105,1
h3106,1
h3107,1
h3108,1
h3109,1
h3110,1
h3111,1
h3112,1
h3113,1
h3114,1
h3115,1
h3116,1
h3117,1
h3118,1
h3119,1
h3120,1
h3121,1
h3122,1
h3123,1
h3124,1
h3125,1
h3126,1
h3127,1
h3128,1
h3129,1
h3130,1
h3131,1
h3132,1
h3133,1
h3134,1
h3135,1
h3136,1
h3137,1
h3138,1
h3139,1
h3140,1
h3141,1
h3142,1
h3143,1
h3144,1
h3145,1
h3146,1
h3147,1
h3148,1
h3149,1
h3150,1
h3151,1
h3152,1
h3153,1
h3154,1
h3155,1
h3156,1
h3157,1
h3158,1
h3159,1
h3160,1
h3161,1
h3162,1
h3163,1
h3164,1
h3165,1
h3166,1
h3167,1
h3168,1
h3169,1
h3170,1
h3171,1
h3172,1
h3173,1
h3174,1
h3175,1
h3176,1
h3177,1
h3178,1
h3179,1
h3180,1
h3181,1
h3182,1
h3183,1
h3184,1
h3185,1
h3186,1
h3187,1
h3188,1
h3189,1
h3190,1
h3191,1
h3192,1
h3193,1
h3194,1
h3195,1
h3196,1
h3197,1
h3198,1
h3199,1
h3200,1
h3201,1
h3202,1
h3203,1
h3204,1
h3205,1
h3206,1
h3207,1
h3208,1
h3209,1
h3210,1
h3211,1
h3212,1
h3213,1
h3214,1
h3215,1
h3216,1
h3217,1
h3218,1
h3219,1
h3220,1
h3221,1
h3222,1
h3223,1
h3224,1
h3225,1
h3226,1
h3227,1
h3228,1
h3229,1
h3230,1
h3231,1
h3232,1
h3233,1
h3234,1
h3235,1
h3236,1
h3237,1
h3238,1
h3239,1
h3240,1
h3241,1
h3242,1
h3243,1
h3244,1
h3245,1
h3246,1
h3247,1
h3248,1
h3249,1
h3250,1
h3251,1
h3252,1
h3253,1
h3254,1
h3255,1
h3256,1
h3257,1
h3258,1
h3259,1
h3260,1
h3261,1
h3262,1
h3263,1
h3264,1
h3265,1
h3266,1
h3267,1
h3268,1
h3269,1
h3270,1
h3271,1
h3272,1
h3273,1
h3274,1
h3275,1
h3276,1
h3277,1
h3278,1
h3279,1
h3280,1
h3281,1
h3282,1
h3283,1
h3284,1
h3285,1
h3286,1
h3287,1
h3288,1
h3289,1
h3290,1
h3291,1
h3292,1
h3293,1
h3294,1
h3295,1
h3296,1
h3297,1
h3298,1
h3299,1
h3300,1
h3301,1
h3302,1
h3303,1
h3304,1
h3305,1
h3306,1
h3307,1
h3308,1
h3309,1
h3310,1
h3311,1
h3312,1
h3313,1
h3314,1
h3315,1
h3316,1
h3317,1
h3318,1
h3319,1
h3320,1
h3321,1
h3322,1
h3323,1
h3324,1
h3325,1
h3326,1
h3327,1
h3328,1
h3329,1
h3330,1
h3331,1
h3332,1
h3333,1
h3334,1
h3335,1
h3336,1
h3337,1
h3338,1
h3339,1
h3340,1
h3341,1
h3342,1
h3343,1
h3344,1
h3345,1
h3346,1
h3347,1
h3348,1
h3349,1
h3350,1
h3351,1
h3352,1
h3353,1
h3354,1
h3355,1
h3356,1
h3357,1
h3358,1
h3359,1
h3360,1
h3361,1
h3362,1
h3363,1
h3364,1
h3365,1
h3366,1
h3367,1
h3368,1
h3369,1
h3370,1
h3371,1
h3372,1
h3373,1
h3374,1
h3375,1
h3376,1
h3377,1
h3378,1
h3379,1
h3380,1
h3381,1
h3382,1
h3383,1
h3384,1
h3385,1
h3386,1
h3387,1
h3388,1
h3389,1
h3390,1
h3391,1
h3392,1
h3393,1
h3394,1
h3395,1
h3396,1
h3397,1
h3398,1
h3399,1
h3400,1
h3401,1
h3402,1
h3403,1
h3404,1
h3405,1
h3406,1
h3407,1
h3408,1
h3409,1
h3410,1
h3411,1
h3412,1
h3413,1
h3414,1
h3415,1
h3416,1
h3417,1
h3418,1
h3419,1
h3420,1
h3421,1
h3422,1
h3423,1
h3424,1
h3425,1
h3426,1
h3427,1
h3428,1
h3429,1
h3430,1
h3431,1
h3432,1
h3433,1
h3434,1
h3435,1
h3436,1
h3437,1
h3438,1
h3439,1
h3440,1
h3441,1
h3442,1
h3443,1
h3444,1
h3445,1
h3446,1
h3447,1
h3448,1
h3449,1
h3450,1
h3451,1
h3452,1
h3453,1
h3454,1
h3455,1
h3456,1
h3457,1
h3458,1
h3459,1
h3460,1
h3461,1
h3462,1
h3463,1
h3464,1
h3465,1
h3466,1
h3467,1
h3468,1
h3469,1
h3470,1
h3471,1
h3472,1
h3473,1
h3474,1
h3475,1
h3476,1
h3477,1
h3478,1
h3479,1
h3480,1
h3481,1
h3482,1
h3483,1
h3484,1
h3485,1
h3486,1
h3487,1
h3488,1
h3489,1
h3490,1
h3491,1
h3492,1
h3493,1
h3494,1
h3495,1
h3496,1
h3497,1
h3498,1
h3499,1
h3500,1
h3501,1
h3502,1
h3503,1
h3504,1
h3505,1
h3506,1
h3507,1
h3508,1
h3509,1
h3510,1
h3511,1
h3512,1
h3513,1
h3514,1
h3515,1
h3516,1
h3517,1
h3518,1
h3519,1
h3520,1
h3521,1
h3522,1
h3523,1
h3524,1
h3525,1
h3526,1
h3527,1
h3528,1
h3529,1
h3530,1
h3531,1
h3532,1
h3533,1
h3534,1
h3535,1
h3536,1
h3537,1
h3538,1
h3539,1
h3540,1
h3541,1
h3542,1
h3543,1
h3544,1
h3545,1
h3546,1
h3547,1
h3548,1
h3549,1
h3550,1
h3551,1
h3552,1
h3553,1
h3554,1
h3555,1
h3556,1
h3557,1
h3558,1
h3559,1
h3560,1
h3561,1
h3562,1
h3563,1
h3564,1
h3565,1
h3566,1
h3567,1
h3568,1
h3569,1
h3570,1
h3571,1
h3572,1
h3573,1
h3574,1
h3575,1
h3576,1
h3577,1
h3578,1
h3579,1
h3580,1
h3581,1
h3582,1
h3583,1
h3584,1
h3585,1
h3586,1
h3587,1
h3588,1
h3589,1
h3590,1
h3591,1
h3592,1
h3593,1
h3594,1
h3595,1
h3596,1
h3597,1
h3598,1
h3599,1
h3600,1
h3601,1
h3602,1
h3603,1
h3604,1
h3605,1
h3606,1
h3607,1
h3608,1
h3609,1
h3610,1
h3611,1
h3612,1
h3613,1
h3614,1
h3615,1
h3616,1
h3617,1
h3618,1
h3619,1
h3620,1
h3621,1
h3622,1
h3623,1
h3624,1
h3625,1
h3626,1
h3627,1
h3628,1
h3629,1
h3630,1
h3631,1
h3632,1
h3633,1
h3634,1
h3635,1
h3636,1
h3637,1
h3638,1
h3639,1
h3640,1
h3641,1
h3642,1
h3643,1
h3644,1
h3645,1
h3646,1
h3647,1
h3648,1
h3649,1
h3650,1
h3651,1
h3652,1
h3653,1
h3654,1
h3655,1
h3656,1
h3657,1
h3658,1
h3659,1
h3660,1
h3661,1
h3662,1
h3663,1
h3664,1
h3665,1
h3666,1
h3667,1
h3668,1
h3669,1
h3670,1
h3671,1
h3672,1
h3673,1
h3674,1
h3675,1
h3676,1
h3677,1
h3678,1
h3679,1
h3680,1
h3681,1
h3682,1
h3683,1
h3684,1
h3685,1
h3686,1
h3687,1
h3688,1
h3689,1
h3690,1
h3691,1
h3692,1
h3693,1
h3694,1
h3695,1
h3696,1
h3697,1
h3698,1
h3699,1
h3700,1
h3701,1
h3702,1
h3703,1
h3704,1
h3705,1
h3706,1
h3707,1
h3708,1
h3709,1
h3710,1
h3711,1
h3712,1
h3713,1
h3714,1
h3715,1
h3716,1
h3717,1
h3718,1
h3719,1
h3720,1
h3721,1
h3722,1
h3723,1
h3724,1
h3725,1
h3726,1
h3727,1
h3728,1
h3729,1
h3730,1
h3731,1
h3732,1
h3733,1
h3734,1
h3735,1
h3736,1
h3737,1
h3738,1
h3739,1
h3740,1
h3741,1
h3742,1
h3743,1
h3744,1
h3745,1
h3746,1
h3747,1
h3748,1
h3749,1
h3750,1
h3751,1
h3752,1
h3753,1
h3754,1
h3755,1
h3756,1
h3757,1
h3758,1
h3759,1
h3760,1
h3761,1
h3762,1
h3763,1
h3764,1
h3765,1
h3766,1
h3767,1
h3768,1
h3769,1
h3770,1
h3771,1
h3772,1
h3773,1
h3774,1
h3775,1
h3776,1
h3777,1
h3778,1
h3779,1
h3780,1
h3781,1
h3782,1
h3783,1
h3784,1
h3785,1
h3786,1
h3787,1
h3788,1
h3789,1
h3790,1
h3791,1
h3792,1
h3793,1
h3794,1
h3795,1
h3796,1
h3797,1
h3798,1
h3799,1
h3800,1
h3801,1
h3802,1
h3803,1
h3804,1
h3805,1
h3806,1
h3807,1
h3808,1
h3809,1
h3810,1
h3811,1
h3812,1
h3813,1
h3814,1
h3815,1
h3816,1
h3817,1
h3818,1
h3819,1
h3820,1
h3821,1
h3822,1
h3823,1
h3824,1
h3825,1
h3826,1
h3827,1
h3828,1
h3829,1
h3830,1
h3831,1
h3832,1
h3833,1
h3834,1
h3835,1
h3836,1
h3837,1
h3838,1
h3839,1
h3840,1
h3841,1
h3842,1
h3843,1
h3844,1
h3845,1
h3846,1
h3847,1
h3848,1
h3849,1
h3850,1
h3851,1
h3852,1
h3853,1
h3854,1
h3855,1
h3856,1
h3857,1
h3858,1
h3859,1
h3860,1
h3861,1
h3862,1
h3863,1
h3864,1
h3865,1
h3866,1
h3867,1
h3868,1
h3869,1
h3870,1
h3871,1
h3872,1
h3873,1
h3874,1
h3875,1
h3876,1
h3877,1
h3878,1
h3879,1
h3880,1
h3881,1
h3882,1
h3883,1
h3884,1
h3885,1
h3886,1
h3887,1
h3888,1
h3889,1
h3890,1
h3891,1
h3892,1
h3893,1
h3894,1
h3895,1
h3896,1
h3897,1
h3898,1
h3899,1
h3900,1
h3901,1
h3902,1
h3903,1
h3904,1
h3905,1
h3906,1
h3907,1
h3908,1
h3909,1
h3910,1
h3911,1
h3912,1
h3913,1
h3914,1
h3915,1
h3916,1
h3917,1
h3918,1
h3919,1
h3920,1
h3921,1
h3922,1
h3923,1
h3924,1
h3925,1
h3926,1
h3927,1
h3928,1
h3929,1
h3930,1
h3931,1
h3932,1
h3933,1
h3934,1
h3935,1
h3936,1
h3937,1
h3938,1
h3939,1
h3940,1
h3941,1
h3942,1
h3943,1
h3944,1
h3945,1
h3946,1
h3947,1
h3948,1
h3949,1
h3950,1
h3951,1
h3952,1
h3953,1
h3954,1
h3955,1
h3956,1
h3957,1
h3958,1
h3959,1
h3960,1
h3961,1
h3962,1
h3963,1
h3964,1
h3965,1
h3966,1
h3967,1
h3968,1
h3969,1
h3970,1
h3971,1
h3972,1
h3973,1
h3974,1
h3975,1
h3976,1
h3977,1
h3978,1
h3979,1
h3980,1
h3981,1
h3982,1
h3983,1
h3984,1
h3985,1
h3986,1
h3987,1
h3988,1
h3989,1
h3990,1
h3991,1
h3992,1
h3993,1
h3994,1
h3995,1
h3996,1
h3997,1
h3998,1
h3999,1
h4000,1
h4001,1
h4002,1
h4003,1
h4004,1
h4005,1
h4006,1
h4007,1
h4008,1
h4009,1
h4010,1
h4011,1
h4012,1
h4013,1
h4014,1
h4015,1
h4016,1
h4017,1
h4018,1
h4019,1
h4020,1
h4021,1
h4022,1
h4023,1
h4024,1
h4025,1
h4026,1
h4027,1
h4028,1
h4029,1
h4030,1
h4031,1
h4032,1
h4033,1
h4034,1
h4035,1
h4036,1
h4037,1
h4038,1
h4039,1
h4040,1
h4041,1
h4042,1
h4043,1
h4044,1
h4045,1
h4046,1
h4047,1
h4048,1
h4049,1
h4050,1
h4051,1
h4052,1
h4053,1
h4054,1
h4055,1
h4056,1
h4057,1
h4058,1
h4059,1
h4060,1
h4061,1
h4062,1
h4063,1
h4064,1
h4065,1
h4066,1
h4067,1
h4068,1
h4069,1
h4070,1
h4071,1
h4072,1
h4073,1
h4074,1
h4075,1
h4076,1
h4077,1
h4078,1
h4079,1
h4080,1
h4081,1
h4082,1
h4083,1
h4084,1
h4085,1
h4086,1
h4087,1
h4088,1
h4089,1
h4090,1
h4091,1
h4092,1
h4093,1
h4094,1
h4095,1
h4096,1
h4097,1
h4098,1
h4099,1
h4100,1
h4101,1
h4102,1
h4103,1
h4104,1
h4105,1
h4106,1
h4107,1
h4108,1
h4109,1
h4110,1
h4111,1
h4112,1
h4113,1
h4114,1
h4115,1
h4116,1
h4117,1
h4118,1
h4119,1
h4120,1
h4121,1
h4122,1
h4123,1
h4124,1
h4125,1
h4126,1
h4127,1
h4128,1
h4129,1
h4130,1
h4131,1
h4132,1
h4133,1
h4134,1
h4135,1
h4136,1
h4137,1
h4138,1
h4139,1
h4140,1
h4141,1
h4142,1
h4143,1
h4144,1
h4145,1
h4146,1
h4147,1
h4148,1
h4149,1
h4150,1
h4151,1
h4152,1
h4153,1
h4154,1
h4155,1
h4156,1
h4157,1
h4158,1
h4159,1
h4160,1
h4161,1
h4162,1
h4163,1
h4164,1
h4165,1
h4166,1
h4167,1
h4168,1
h4169,1
h4170,1
h4171,1
h4172,1
h4173,1
h4174,1
h4175,1
h4176,1
h4177,1
h4178,1
h4179,1
h4180,1
h4181,1
h4182,1
h4183,1
h4184,1
h4185,1
h4186,1
h4187,1
h4188,1
h4189,1
h4190,1
h4191,1
h4192,1
h4193,1
h4194,1
h4195,1
h4196,1
h4197,1
h4198,1
h4199,1
h4200,1
h4201,1
h4202,1
h4203,1
h4204,1
h4205,1
h4206,1
h4207,1
h4208,1
h4209,1
h4210,1
h4211,1
h4212,1
h4213,1
h4214,1
h4215,1
h4216,1
h4217,1
h4218,1
h4219,1
h4220,1
h4221,1
h4222,1
h4223,1
h4224,1
h4225,1
h4226,1
h4227,1
h4228,1
h4229,1
h4230,1
h4231,1
h4232,1
h4233,1
h4234,1
h4235,1
h4236,1
h4237,1
h4238,1
h4239,1
h4240,1
h4241,1
h4242,1
h4243,1
h4244,1
h4245,1
h4246,1
h4247,1
h4248,1
h4249,1
h4250,1
h4251,1
h4252,1
h4253,1
h4254,1
h4255,1
h4256,1
h4257,1
h4258,1
h4259,1
h4260,1
h4261,1
h4262,1
h4263,1
h4264,1
h4265,1
h4266,1
h4267,1
h4268,1
h4269,1
h4270,1
h4271,1
h4272,1
h4273,1
h4274,1
h4275,1
h4276,1
h4277,1
h4278,1
h4279,1
h4280,1
h4281,1
h4282,1
h4283,1
h4284,1
h4285,1
h4286,1
h4287,1
h4288,1
h4289,1
h4290,1
h4291,1
h4292,1
h4293,1
h4294,1
h4295,1
h4296,1
h4297,1
h4298,1
h4299,1
h4300,1
h4301,1
h4302,1
h4303,1
h4304,1
h4305,1
h4306,1
h4307,1
h4308,1
h4309,1
h4310,1
h4311,1
h4312,1
h4313,1
h4314,1
h4315,1
h4316,1
h4317,1
h4318,1
h4319,1
h4320,1
h4321,1
h4322,1
h4323,1
h4324,1
h4325,1
h4326,1
h4327,1
h4328,1
h4329,1
h4330,1
h4331,1
h4332,1
h4333,1
h4334,1
h4335,1
h4336,1
h4337,1
h4338,1
h4339,1
h4340,1
h4341,1
h4342,1
h4343,1
h4344,1
h4345,1
h4346,1
h4347,1
h4348,1
h4349,1
h4350,1
h4351,1
h4352,1
h4353,1
h4354,1
h4355,1
h4356,1
h4357,1
h4358,1
h4359,1
h4360,1
h4361,1
h4362,1
h4363,1
h4364,1
h4365,1
h4366,1
h4367,1
h4368,1
h4369,1
h4370,1
h4371,1
h4372,1
h4373,1
h4374,1
h4375,1
h4376,1
h4377,1
h4378,1
h4379,1
h4380,1
h4381,1
h4382,1
h4383,1
h4384,1
h4385,1
h4386,1
h4387,1
h4388,1
h4389,1
h4390,1
h4391,1
h4392,1
h4393,1
h4394,1
h4395,1
h4396,1
h4397,1
h4398,1
h4399,1
h4400,1
h4401,1
h4402,1
h4403,1
h4404,1
h4405,1
h4406,1
h4407,1
h4408,1
h4409,1
h4410,1
h4411,1
h4412,1
h4413,1
h4414,1
h4415,1
h4416,1
h4417,1
h4418,1
h4419,1
h4420,1
h4421,1
h4422,1
h4423,1
h4424,1
h4425,1
h4426,1
h4427,1
h4428,1
h4429,1
h4430,1
h4431,1
h4432,1
h4433,1
h4434,1
h4435,1
h4436,1
h4437,1
h4438,1
h4439,1
h4440,1
h4441,1
h4442,1
h4443,1
h4444,1
h4445,1
h4446,1
h4447,1
h4448,1
h4449,1
h4450,1
h4451,1
h4452,1
h4453,1
h4454,1
h4455,1
h4456,1
h4457,1
h4458,1
h4459,1
h4460,1
h4461,1
h4462,1
h4463,1
h4464,1
h4465,1
h4466,1
h4467,1
h4468,1
h4469,1
h4470,1
h4471,1
h4472,1
h4473,1
h4474,1
h4475,1
h4476,1
h4477,1
h4478,1
h4479,1
h4480,1
h4481,1
h4482,1
h4483,1
h4484,1
h4485,1
h4486,1
h4487,1
h4488,1
h4489,1
h4490,1
h4491,1
h4492,1
h4493,1
h4494,1
h4495,1
h4496,1
h4497,1
h4498,1
h4499,1
h4500,1
h4501,1
h4502,1
h4503,1
h4504,1
h4505,1
h4506,1
h4507,1
h4508,1
h4509,1
h4510,1
h4511,1
h4512,1
h4513,1
h4514,1
h4515,1
h4516,1
h4517,1
h4518,1
h4519,1
h4520,1
h4521,1
h4522,1
h4523,1
h4524,1
h4525,1
h4526,1
h4527,1
h4528,1
h4529,1
h4530,1
h4531,1
h4532,1
h4533,1
h4534,1
h4535,1
h4536,1
h4537,1
h4538,1
h4539,1
h4540,1
h4541,1
h4542,1
h4543,1
h4544,1
h4545,1
h4546,1
h4547,1
h4548,1
h4549,1
h4550,1
h4551,1
h4552,1
h4553,1
h4554,1
h4555,1
h4556,1
h4557,1
h4558,1
h4559,1
h4560,1
h4561,1
h4562,1
h4563,1
h4564,1
h4565,1
h4566,1
h4567,1
h4568,1
h4569,1
h4570,1
h4571,1
h4572,1
h4573,1
h4574,1
h4575,1
h4576,1
h4577,1
h4578,1
h4579,1
h4580,1
h4581,1
h4582,1
h4583,1
h4584,1
h4585,1
h4586,1
h4587,1
h4588,1
h4589,1
h4590,1
h4591,1
h4592,1
h4593,1
h4594,1
h4595,1
h4596,1
h4597,1
h4598,1
h4599,1
h4600,1
h4601,1
h4602,1
h4603,1
h4604,1
h4605,1
h4606,1
h4607,1
h4608,1
h4609,1
h4610,1
h4611,1
h4612,1
h4613,1
h4614,1
h4615,1
h4616,1
h4617,1
h4618,1
h4619,1
h4620,1
h4621,1
h4622,1
h4623,1
h4624,1
h4625,1
h4626,1
h4627,1
h4628,1
h4629,1
h4630,1
h4631,1
h4632,1
h4633,1
h4634,1
h4635,1
h4636,1
h4637,1
h4638,1
h4639,1
h4640,1
h4641,1
h4642,1
h4643,1
h4644,1
h4645,1
h4646,1
h4647,1
h4648,1
h4649,1
h4650,1
h4651,1
h4652,1
h4653,1
h4654,1
h4655,1
h4656,1
h4657,1
h4658,1
h4659,1
h4660,1
h4661,1
h4662,1
h4663,1
h4664,1
h4665,1
h4666,1
h4667,1
h4668,1
h4669,1
h4670,1
h4671,1
h4672,1
h4673,1
h4674,1
h4675,1
h4676,1
h4677,1
h4678,1
h4679,1
h4680,1
h4681,1
h4682,1
h4683,1
h4684,1
h4685,1
h4686,1
h4687,1
h4688,1
h4689,1
h4690,1
h4691,1
h4692,1
h4693,1
h4694,1
h4695,1
h4696,1
h4697,1
h4698,1
h4699,1
h4700,1
h4701,1
h4702,1
h4703,1
h4704,1
h4705,1
h4706,1
h4707,1
h4708,1
h4709,1
h4710,1
h4711,1
h4712,1
h4713,1
h4714,1
h4715,1
h4716,1
h4717,1
h4718,1
h4719,1
h4720,1
h4721,1
h4722,1
h4723,1
h4724,1
h4725,1
h4726,1
h4727,1
h4728,1
h4729,1
h4730,1
h4731,1
h4732,1
h4733,1
h4734,1
h4735,1
h4736,1
h4737,1
h4738,1
h4739,1
h4740,1
h4741,1
h4742,1
h4743,1
h4744,1
h4745,1
h4746,1
h4747,1
h4748,1
h4749,1
h4750,1
h4751,1
h4752,1
h4753,1
h4754,1
h4755,1
h4756,1
h4757,1
h4758,1
h4759,1
h4760,1
h4761,1
h4762,1
h4763,1
h4764,1
h4765,1
h4766,1
h4767,1
h4768,1
h4769,1
h4770,1
h4771,1
h4772,1
h4773,1
h4774,1
h4775,1
h4776,1
h4777,1
h4778,1
h4779,1
h4780,1
h4781,1
h4782,1
h4783,1
h4784,1
h4785,1
h4786,1
h4787,1
h4788,1
h4789,1
h4790,1
h4791,1
h4792,1
h4793,1
h4794,1
h4795,1
h4796,1
h4797,1
h4798,1
h4799,1
h4800,1
h4801,1
h4802,1
h4803,1
h4804,1
h4805,1
h4806,1
h4807,1
h4808,1
h4809,1
h4810,1
h4811,1
h4812,1
h4813,1
h4814,1
h4815,1
h4816,1
h4817,1
h4818,1
h4819,1
h4820,1
h4821,1
h4822,1
h4823,1
h4824,1
h4825,1
h4826,1
h4827,1
h4828,1
h4829,1
h4830,1
h4831,1
h4832,1
h4833,1
h4834,1
h4835,1
h4836,1
h4837,1
h4838,1
h4839,1
h4840,1
h4841,1
h4842,1
h4843,1
h4844,1
h4845,1
h4846,1
h4847,1
h4848,1
h4849,1
h4850,1
h4851,1
h4852,1
h4853,1
h4854,1
h4855,1
h4856,1
h4857,1
h4858,1
h4859,1
h4860,1
h4861,1
h4862,1
h4863,1
h4864,1
h4865,1
h4866,1
h4867,1
h4868,1
h4869,1
h4870,1
h4871,1
h4872,1
h4873,1
h4874,1
h4875,1
h4876,1
h4877,1
h4878,1
h4879,1
h4880,1
h4881,1
h4882,1
h4883,1
h4884,1
h4885,1
h4886,1
h4887,1
h4888,1
h4889,1
h4890,1
h4891,1
h4892,1
h4893,1
h4894,1
h4895,1
h4896,1
h4897,1
h4898,1
h4899,1
h4900,1
h4901,1
h4902,1
h4903,1
h4904,1
h4905,1
h4906,1
h4907,1
h4908,1
h4909,1
h4910,1
h4911,1
h4912,1
h4913,1
h4914,1
h4915,1
h4916,1
h4917,1
h4918,1
h4919,1
h4920,1
h4921,1
h4922,1
h4923,1
h4924,1
h4925,1
h4926,1
h4927,1
h4928,1
h4929,1
h4930,1
h4931,1
h4932,1
h4933,1
h4934,1
h4935,1
h4936,1
h4937,1
h4938,1
h4939,1
h4940,1
h4941,1
h4942,1
h4943,1
h4944,1
h4945,1
h4946,1
h4947,1
h4948,1
h4949,1
h4950,1
h4951,1
h4952,1
h4953,1
h4954,1
h4955,1
h4956,1
h4957,1
h4958,1
h4959,1
h4960,1
h4961,1
h4962,1
h4963,1
h4964,1
h4965,1
h4966,1
h4967,1
h4968,1
h4969,1
h4970,1
h4971,1
h4972,1
h4973,1
h4974,1
h4975,1
h4976,1
h4977,1
h4978,1
h4979,1
h4980,1
h4981,1
h4982,1
h4983,1
h4984,1
h4985,1
h4986,1
h4987,1
h4988,1
h4989,1
h4990,1
h4991,1
h4992,1
h4993,1
h4994,1
h4995,1
h4996,1
h4997,1
h4998,1
h4999,1
h5000,1
h5001,1
h5002,1
h5003,1
h5004,1
h5005,1
h5006,1
h5007,1
h5008,1
h5009,1
h5010,1
h5011,1
h5012,1
h5013,1
h5014,1
h5015,1
h5016,1
h5017,1
h5018,1
h5019,1
h5020,1
h5021,1
h5022,1
h5023,1
h5024,1
h5025,1
h5026,1
h5027,1
h5028,1
h5029,1
h5030,1
h5031,1
h5032,1
h5033,1
h5034,1
h5035,1
h5036,1
h5037,1
h5038,1
h5039,1
h5040,1
h5041,1
h5042,1
h5043,1
h5044,1
h5045,1
h5046,1
h5047,1
h5048,1
h5049,1
h5050,1
h5051,1
h5052,1
h5053,1
h5054,1
h5055,1
h5056,1
h5057,1
h5058,1
h5059,1
h5060,1
h5061,1
h5062,1
h5063,1
h5064,1
h5065,1
h5066,1
h5067,1
h5068,1
h5069,1
h5070,1
h5071,1
h5072,1
h5073,1
h5074,1
h5075,1
h5076,1
h5077,1
h5078,1
h5079,1
h5080,1
h5081,1
h5082,1
h5083,1
h5084,1
h5085,1
h5086,1
h5087,1
h5088,1
h5089,1
h5090,1
h5091,1
h5092,1
h5093,1
h5094,1
h5095,1
h5096,1
h5097,1
h5098,1
h5099,1
h5100,1
h5101,1
h5102,1
h5103,1
h5104,1
h5105,1
h5106,1
h5107,1
h5108,1
h5109,1
h5110,1
h5111,1
h5112,1
h5113,1
h5114,1
h5115,1
h5116,1
h5117,1
h5118,1
h5119,1
h5120,1
h5121,1
h5122,1
h5123,1
h5124,1
h5125,1
h5126,1
h5127,1
h5128,1
h5129,1
h5130,1
h5131,1
h5132,1
h5133,1
h5134,1
h5135,1
h5136,1
h5137,1
h5138,1
h5139,1
h5140,1
h5141,1
h5142,1
h5143,1
h5144,1
h5145,1
h5146,1
h5147,1
h5148,1
h5149,1
h5150,1
h5151,1
h5152,1
h5153,1
h5154,1
h5155,1
h5156,1
h5157,1
h5158,1
h5159,1
h5160,1
h5161,1
h5162,1
h5163,1
h5164,1
h5165,1
h5166,1
h5167,1
h5168,1
h5169,1
h5170,1
h5171,1
h5172,1
h5173,1
h5174,1
h5175,1
h5176,1
h5177,1
h5178,1
h5179,1
h5180,1
h5181,1
h5182,1
h5183,1
h5184,1
h5185,1
h5186,1
h5187,1
h5188,1
h5189,1
h5190,1
h5191,1
h5192,1
h5193,1
h5194,1
h5195,1
h5196,1
h5197,1
h5198,1
h5199,1
h5200,1
h5201,1
h5202,1
h5203,1
h5204,1
h5205,1
h5206,1
h5207,1
h5208,1
h5209,1
h5210,1
h5211,1
h5212,1
h5213,1
h5214,1
h5215,1
h5216,1
h5217,1
h5218,1
h5219,1
h5220,1
h5221,1
h5222,1
h5223,1
h5224,1
h5225,1
h5226,1
h5227,1
h5228,1
h5229,1
h5230,1
h5231,1
h5232,1
h5233,1
h5234,1
h5235,1
h5236,1
h5237,1
h5238,1
h5239,1
h5240,1
h5241,1
h5242,1
h5243,1
h5244,1
h5245,1
h5246,1
h5247,1
h5248,1
h5249,1
h5250,1
h5251,1
h5252,1
h5253,1
h5254,1
h5255,1
h5256,1
h5257,1
h5258,1
h5259,1
h5260,1
h5261,1
h5262,1
h5263,1
h5264,1
h5265,1
h5266,1
h5267,1
h5268,1
h5269,1
h5270,1
h5271,1
h5272,1
h5273,1
h5274,1
h5275,1
h5276,1
h5277,1
h5278,1
h5279,1
h5280,1
h5281,1
h5282,1
h5283,1
h5284,1
h5285,1
h5286,1
h5287,1
h5288,1
h5289,1
h5290,1
h5291,1
h5292,1
h5293,1
h5294,1
h5295,1
h5296,1
h5297,1
h5298,1
h5299,1
h5300,1
h5301,1
h5302,1
h5303,1
h5304,1
h5305,1
h5306,1
h5307,1
h5308,1
h5309,1
h5310,1
h5311,1
h5312,1
h5313,1
h5314,1
h5315,1
h5316,1
h5317,1
h5318,1
h5319,1
h5320,1
h5321,1
h5322,1
h5323,1
h5324,1
h5325,1
h5326,1
h5327,1
h5328,1
h5329,1
h5330,1
h5331,1
h5332,1
h5333,1
h5334,1
h5335,1
h5336,1
h5337,1
h5338,1
h5339,1
h5340,1
h5341,1
h5342,1
h5343,1
h5344,1
h5345,1
h5346,1
h5347,1
h5348,1
h5349,1
h5350,1
h5351,1
h5352,1
h5353,1
h5354,1
h5355,1
h5356,1
h5357,1
h5358,1
h5359,1
h5360,1
h5361,1
h5362,1
h5363,1
h5364,1
h5365,1
h5366,1
h5367,1
h5368,1
h5369,1
h5370,1
h5371,1
h5372,1
h5373,1
h5374,1
h5375,1
h5376,1
h5377,1
h5378,1
h5379,1
h5380,1
h5381,1
h5382,1
h5383,1
h5384,1
h5385,1
h5386,1
h5387,1
h5388,1
h5389,1
h5390,1
h5391,1
h5392,1
h5393,1
h5394,1
h5395,1
h5396,1
h5397,1
h5398,1
h5399,1
h5400,1
h5401,1
h5402,1
h5403,1
h5404,1
h5405,1
h5406,1
h5407,1
h5408,1
h5409,1
h5410,1
h5411,1
h5412,1
h5413,1
h5414,1
h5415,1
h5416,1
h5417,1
h5418,1
h5419,1
h5420,1
h5421,1
h5422,1
h5423,1
h5424,1
h5425,1
h5426,1
h5427,1
h5428,1
h5429,1
h5430,1
h5431,1
h5432,1
h5433,1
h5434,1
h5435,1
h5436,1
h5437,1
h5438,1
h5439,1
h5440,1
h5441,1
h5442,1
h5443,1
h5444,1
h5445,1
h5446,1
h5447,1
h5448,1
h5449,1
h5450,1
h5451,1
h5452,1
h5453,1
h5454,1
h5455,1
h5456,1
h5457,1
h5458,1
h5459,1
h5460,1
h5461,1
h5462,1
h5463,1
h5464,1
h5465,1
h5466,1
h5467,1
h5468,1
h5469,1
h5470,1
h5471,1
h5472,1
h5473,1
h5474,1
h5475,1
h5476,1
h5477,1
h5478,1
h5479,1
h5480,1
h5481,1
h5482,1
h5483,1
h5484,1
h5485,1
h5486,1
h5487,1
h5488,1
h5489,1
h5490,1
h5491,1
h5492,1
h5493,1
h5494,1
h5495,1
h5496,1
h5497,1
h5498,1
h5499,1
h5500,1
h5501,1
h5502,1
h5503,1
h5504,1
h5505,1
h5506,1
h5507,1
h5508,1
h5509,1
h5510,1
h5511,1
h5512,1
h5513,1
h5514,1
h5515,1
h5516,1
h5517,1
h5518,1
h5519,1
h5520,1
h5521,1
h5522,1
h5523,1
h5524,1
h5525,1
h5526,1
h5527,1
h5528,1
h5529,1
h5530,1
h5531,1
h5532,1
h5533,1
h5534,1
h5535,1
h5536,1
h5537,1
h5538,1
h5539,1
h5540,1
h5541,1
h5542,1
h5543,1
h5544,1
h5545,1
h5546,1
h5547,1
h5548,1
h5549,1
h5550,1
h5551,1
h5552,1
h5553,1
h5554,1
h5555,1
h5556,1
h5557,1
h5558,1
h5559,1
h5560,1
h5561,1
h5562,1
h5563,1
h5564,1
h5565,1
h5566,1
h5567,1
h5568,1
h5569,1
h5570,1
h5571,1
h5572,1
h5573,1
h5574,1
h5575,1
h5576,1
h5577,1
h5578,1
h5579,1
h5580,1
h5581,1
h5582,1
h5583,1
h5584,1
h5585,1
h5586,1
h5587,1
h5588,1
h5589,1
h5590,1
h5591,1
h5592,1
h5593,1
h5594,1
h5595,1
h5596,1
h5597,1
h5598,1
h5599,1
h5600,1
h5601,1
h5602,1
h5603,1
h5604,1
h5605,1
h5606,1
h5607,1
h5608,1
h5609,1
h5610,1
h5611,1
h5612,1
h5613,1
h5614,1
h5615,1
h5616,1
h5617,1
h5618,1
h5619,1
h5620,1
h5621,1
h5622,1
h5623,1
h5624,1
h5625,1
h5626,1
h5627,1
h5628,1
h5629,1
h5630,1
h5631,1
h5632,1
h5633,1
h5634,1
h5635,1
h5636,1
h5637,1
h5638,1
h5639,1
h5640,1
h5641,1
h5642,1
h5643,1
h5644,1
h5645,1
h5646,1
h5647,1
h5648,1
h5649,1
h5650,1
h5651,1
h5652,1
h5653,1
h5654,1
h5655,1
h5656,1
h5657,1
h5658,1
h5659,1
h5660,1
h5661,1
h5662,1
h5663,1
h5664,1
h5665,1
h5666,1
h5667,1
h5668,1
h5669,1
h5670,1
h5671,1
h5672,1
h5673,1
h5674,1
h5675,1
h5676,1
h5677,1
h5678,1
h5679,1
h5680,1
h5681,1
h5682,1
h5683,1
h5684,1
h5685,1
h5686,1
h5687,1
h5688,1
h5689,1
h5690,1
h5691,1
h5692,1
h5693,1
h5694,1
h5695,1
h5696,1
h5697,1
h5698,1
h5699,1
h5700,1
h5701,1
h5702,1
h5703,1
h5704,1
h5705,1
h5706,1
h5707,1
h5708,1
h5709,1
h5710,1
h5711,1
h5712,1
h5713,1
h5714,1
h5715,1
h5716,1
h5717,1
h5718,1
h5719,1
h5720,1
h5721,1
h5722,1
h5723,1
h5724,1
h5725,1
h5726,1
h5727,1
h5728,1
h5729,1
h5730,1
h5731,1
h5732,1
h5733,1
h5734,1
h5735,1
h5736,1
h5737,1
h5738,1
h5739,1
h5740,1
h5741,1
h5742,1
h5743,1
h5744,1
h5745,1
h5746,1
h5747,1
h5748,1
h5749,1
h5750,1
h5751,1
h5752,1
h5753,1
h5754,1
h5755,1
h5756,1
h5757,1
h5758,1
h5759,1
h5760,1
h5761,1
h5762,1
h5763,1
h5764,1
h5765,1
h5766,1
h5767,1
h5768,1
h5769,1
h5770,1
h5771,1
h5772,1
h5773,1
h5774,1
h5775,1
h5776,1
h5777,1
h5778,1
h5779,1
h5780,1
h5781,1
h5782,1
h5783,1
h5784,1
h5785,1
h5786,1
h5787,1
h5788,1
h5789,1
h5790,1
h5791,1
h5792,1
h5793,1
h5794,1
h5795,1
h5796,1
h5797,1
h5798,1
h5799,1
h5800,1
h5801,1
h5802,1
h5803,1
h5804,1
h5805,1
h5806,1
h5807,1
h5808,1
h5809,1
h5810,1
h5811,1
h5812,1
h5813,1
h5814,1
h5815,1
h5816,1
h5817,1
h5818,1
h5819,1
h5820,1
h5821,1
h5822,1
h5823,1
h5824,1
h5825,1
h5826,1
h5827,1
h5828,1
h5829,1
h5830,1
h5831,1
h5832,1
h5833,1
h5834,1
h5835,1
h5836,1
h5837,1
h5838,1
h5839,1
h5840,1
h5841,1
h5842,1
h5843,1
h5844,1
h5845,1
h5846,1
h5847,1
h5848,1
h5849,1
h5850,1
h5851,1
h5852,1
h5853,1
h5854,1
h5855,1
h5856,1
h5857,1
h5858,1
h5859,1
h5860,1
h5861,1
h5862,1
h5863,1
h5864,1
h5865,1
h5866,1
h5867,1
h5868,1
h5869,1
h5870,1
h5871,1
h5872,1
h5873,1
h5874,1
h5875,1
h5876,1
h5877,1
h5878,1
h5879,1
h5880,1
h5881,1
h5882,1
h5883,1
h5884,1
h5885,1
h5886,1
h5887,1
h5888,1
h5889,1
h5890,1
h5891,1
h5892,1
h5893,1
h5894,1
h5895,1
h5896,1
h5897,1
h5898,1
h5899,1
h5900,1
h5901,1
h5902,1
h5903,1
h5904,1
h5905,1
h5906,1
h5907,1
h5908,1
h5909,1
h5910,1
h5911,1
h5912,1
h5913,1
h5914,1
h5915,1
h5916,1
h5917,1
h5918,1
h5919,1
h5920,1
h5921,1
h5922,1
h5923,1
h5924,1
h5925,1
h5926,1
h5927,1
h5928,1
h5929,1
h5930,1
h5931,1
h5932,1
h5933,1
h5934,1
h5935,1
h5936,1
h5937,1
h5938,1
h5939,1
h5940,1
h5941,1
h5942,1
h5943,1
h5944,1
h5945,1
h5946,1
h5947,1
h5948,1
h5949,1
h5950,1
h5951,1
h5952,1
h5953,1
h5954,1
h5955,1
h5956,1
h5957,1
h5958,1
h5959,1
h5960,1
h5961,1
h5962,1
h5963,1
h5964,1
h5965,1
h5966,1
h5967,1
h5968,1
h5969,1
h5970,1
h5971,1
h5972,1
h5973,1
h5974,1
h5975,1
h5976,1
h5977,1
h5978,1
h5979,1
h5980,1
h5981,1
h5982,1
h5983,1
h5984,1
h5985,1
h5986,1
h5987,1
h5988,1
h5989,1
h5990,1
h5991,1
h5992,1
h5993,1
h5994,1
h5995,1
h5996,1
h5997,1
h5998,1
h5999,1
h6000,1
h6001,1
h6002,1
h6003,1
h6004,1
h6005,1
h6006,1
h6007,1
h6008,1
h6009,1
h6010,1
h6011,1
h6012,1
h6013,1
h6014,1
h6015,1
h6016,1
h6017,1
h6018,1
h6019,1
h6020,1
h6021,1
h6022,1
h6023,1
h6024,1
h6025,1
h6026,1
h6027,1
h6028,1
h6029,1
h6030,1
h6031,1
h6032,1
h6033,1
h6034,1
h6035,1
h6036,1
h6037,1
h6038,1
h6039,1
h6040,1
h6041,1
h6042,1
h6043,1
h6044,1
h6045,1
h6046,1
h6047,1
h6048,1
h6049,1
h6050,1
h6051,1
h6052,1
h6053,1
h6054,1
h6055,1
h6056,1
h6057,1
h6058,1
h6059,1
h6060,1
h6061,1
h6062,1
h6063,1
h6064,1
h6065,1
h6066,1
h6067,1
h6068,1
h6069,1
h6070,1
h6071,1
h6072,1
h6073,1
h6074,1
h6075,1
h6076,1
h6077,1
h6078,1
h6079,1
h6080,1
h6081,1
h6082,1
h6083,1
h6084,1
h6085,1
h6086,1
h6087,1
h6088,1
h6089,1
h6090,1
h6091,1
h6092,1
h6093,1
h6094,1
h6095,1
h6096,1
h6097,1
h6098,1
h6099,1
h6100,1
h6101,1
h6102,1
h6103,1
h6104,1
h6105,1
h6106,1
h6107,1
h6108,1
h6109,1
h6110,1
h6111,1
h6112,1
h6113,1
h6114,1
h6115,1
h6116,1
h6117,1
h6118,1
h6119,1
h6120,1
h6121,1
h6122,1
h6123,1
h6124,1
h6125,1
h6126,1
h6127,1
h6128,1
h6129,1
h6130,1
h6131,1
h6132,1
h6133,1
h6134,1
h6135,1
h6136,1
h6137,1
h6138,1
h6139,1
h6140,1
h6141,1
h6142,1
h6143,1
h6144,1
h6145,1
h6146,1
h6147,1
h6148,1
h6149,1
h6150,1
h6151,1
h6152,1
h6153,1
h6154,1
h6155,1
h6156,1
h6157,1
h6158,1
h6159,1
h6160,1
h6161,1
h6162,1
h6163,1
h6164,1
h6165,1
h6166,1
h6167,1
h6168,1
h6169,1
h6170,1
h6171,1
h6172,1
h6173,1
h6174,1
h6175,1
h6176,1
h6177,1
h6178,1
h6179,1
h6180,1
h6181,1
h6182,1
h6183,1
h6184,1
h6185,1
h6186,1
h6187,1
h6188,1
h6189,1
h6190,1
h6191,1
h6192,1
h6193,1
h6194,1
h6195,1
h6196,1
h6197,1
h6198,1
h6199,1
h6200,1
h6201,1
h6202,1
h6203,1
h6204,1
h6205,1
h6206,1
h6207,1
h6208,1
h6209,1
h6210,1
h6211,1
h6212,1
h6213,1
h6214,1
h6215,1
h6216,1
h6217,1
h6218,1
h6219,1
h6220,1
h6221,1
h6222,1
h6223,1
h6224,1
h6225,1
h6226,1
h6227,1
h6228,1
h6229,1
h6230,1
h6231,1
h6232,1
h6233,1
h6234,1
h6235,1
h6236,1
h6237,1
h6238,1
h6239,1
h6240,1
h6241,1
h6242,1
h6243,1
h6244,1
h6245,1
h6246,1
h6247,1
h6248,1
h6249,1
h6250,1
h6251,1
h6252,1
h6253,1
h6254,1
h6255,1
h6256,1
h6257,1
h6258,1
h6259,1
h6260,1
h6261,1
h6262,1
h6263,1
h6264,1
h6265,1
h6266,1
h6267,1
h6268,1
h6269,1
h6270,1
h6271,1
h6272,1
h6273,1
h6274,1
h6275,1
h6276,1
h6277,1
h6278,1
h6279,1
h6280,1
h6281,1
h6282,1
h6283,1
h6284,1
h6285,1
h6286,1
h6287,1
h6288,1
h6289,1
h6290,1
h6291,1
h6292,1
h6293,1
h6294,1
h6295,1
h6296,1
h6297,1
h6298,1
h6299,1
h6300,1
h6301,1
h6302,1
h6303,1
h6304,1
h6305,1
h6306,1
h6307,1
h6308,1
h6309,1
h6310,1
h6311,1
h6312,1
h6313,1
h6314,1
h6315,1
h6316,1
h6317,1
h6318,1
h6319,1
h6320,1
h6321,1
h6322,1
h6323,1
h6324,1
h6325,1
h6326,1
h6327,1
h6328,1
h6329,1
h6330,1
h6331,1
h6332,1
h6333,1
h6334,1
h6335,1
h6336,1
h6337,1
h6338,1
h6339,1
h6340,1
h6341,1
h6342,1
h6343,1
h6344,1
h6345,1
h6346,1
h6347,1
h6348,1
h6349,1
h6350,1
h6351,1
h6352,1
h6353,1
h6354,1
h6355,1
h6356,1
h6357,1
h6358,1
h6359,1
h6360,1
h6361,1
h6362,1
h6363,1
h6364,1
h6365,1
h6366,1
h6367,1
h6368,1
h6369,1
h6370,1
h6371,1
h6372,1
h6373,1
h6374,1
h6375,1
h6376,1
h6377,1
h6378,1
h6379,1
h6380,1
h6381,1
h6382,1
h6383,1
h6384,1
h6385,1
h6386,1
h6387,1
h6388,1
h6389,1
h6390,1
h6391,1
h6392,1
h6393,1
h6394,1
h6395,1
h6396,1
h6397,1
h6398,1
h6399,1
h6400,1
h6401,1
h6402,1
h6403,1
h6404,1
h6405,1
h6406,1
h6407,1
h6408,1
h6409,1
h6410,1
h6411,1
h6412,1
h6413,1
h6414,1
h6415,1
h6416,1
h6417,1
h6418,1
h6419,1
h6420,1
h6421,1
h6422,1
h6423,1
h6424,1
h6425,1
h6426,1
h6427,1
h6428,1
h6429,1
h6430,1
h6431,1
h6432,1
h6433,1
h6434,1
h6435,1
h6436,1
h6437,1
h6438,1
h6439,1
h6440,1
h6441,1
h6442,1
h6443,1
h6444,1
h6445,1
h6446,1
h6447,1
h6448,1
h6449,1
h6450,1
h6451,1
h6452,1
h6453,1
h6454,1
h6455,1
h6456,1
h6457,1
h6458,1
h6459,1
h6460,1
h6461,1
h6462,1
h6463,1
h6464,1
h6465,1
h6466,1
h6467,1
h6468,1
h6469,1
h6470,1
h6471,1
h6472,1
h6473,1
h6474,1
h6475,1
h6476,1
h6477,1
h6478,1
h6479,1
h6480,1
h6481,1
h6482,1
h6483,1
h6484,1
h6485,1
h6486,1
h6487,1
h6488,1
h6489,1
h6490,1
h6491,1
h6492,1
h6493,1
h6494,1
h6495,1
h6496,1
h6497,1
h6498,1
h6499,1
h6500,1
h6501,1
h6502,1
h6503,1
h6504,1
h6505,1
h6506,1
h6507,1
h6508,1
h6509,1
h6510,1
h6511,1
h6512,1
h6513,1
h6514,1
h6515,1
h6516,1
h6517,1
h6518,1
h6519,1
h6520,1
h6521,1
h6522,1
h6523,1
h6524,1
h6525,1
h6526,1
h6527,1
h6528,1
h6529,1
h6530,1
h6531,1
h6532,1
h6533,1
h6534,1
h6535,1
h6536,1
h6537,1
h6538,1
h6539,1
h6540,1
h6541,1
h6542,1
h6543,1
h6544,1
h6545,1
h6546,1
h6547,1
h6548,1
h6549,1
h6550,1
h6551,1
h6552,1
h6553,1
h6554,1
h6555,1
h6556,1
h6557,1
h6558,1
h6559,1
h6560,1
h6561,1
h6562,1
h6563,1
h6564,1
h6565,1
h6566,1
h6567,1
h6568,1
h6569,1
h6570,1
h6571,1
h6572,1
h6573,1
h6574,1
h6575,1
h6576,1
h6577,1
h6578,1
h6579,1
h6580,1
h6581,1
h6582,1
h6583,1
h6584,1
h6585,1
h6586,1
h6587,1
h6588,1
h6589,1
h6590,1
h6591,1
h6592,1
h6593,1
h6594,1
h6595,1
h6596,1
h6597,1
h6598,1
h6599,1
h6600,1
h6601,1
h6602,1
h6603,1
h6604,1
h6605,1
h6606,1
h6607,1
h6608,1
h6609,1
h6610,1
h6611,1
h6612,1
h6613,1
h6614,1
h6615,1
h6616,1
h6617,1
h6618,1
h6619,1
h6620,1
h6621,1
h6622,1
h6623,1
h6624,1
h6625,1
h6626,1
h6627,1
h6628,1
h6629,1
h6630,1
h6631,1
h6632,1
h6633,1
h6634,1
h6635,1
h6636,1
h6637,1
h6638,1
h6639,1
h6640,1
h6641,1
h6642,1
h6643,1
h6644,1
h6645,1
h6646,1
h6647,1
h6648,1
h6649,1
h6650,1
h6651,1
h6652,1
h6653,1
h6654,1
h6655,1
h6656,1
h6657,1
h6658,1
h6659,1
h6660,1
h6661,1
h6662,1
h6663,1
h6664,1
h6665,1
h6666,1
h6667,1
h6668,1
h6669,1
h6670,1
h6671,1
h6672,1
h6673,1
h6674,1
h6675,1
h6676,1
h6677,1
h6678,1
h6679,1
h6680,1
h6681,1
h6682,1
h6683,1
h6684,1
h6685,1
h6686,1
h6687,1
h6688,1
h6689,1
h6690,1
h6691,1
h6692,1
h6693,1
h6694,1
h6695,1
h6696,1
h6697,1
h6698,1
h6699,1
h6700,1
h6701,1
h6702,1
h6703,1
h6704,1
h6705,1
h6706,1
h6707,1
h6708,1
h6709,1
h6710,1
h6711,1
h6712,1
h6713,1
h6714,1
h6715,1
h6716,1
h6717,1
h6718,1
h6719,1
h6720,1
h6721,1
h6722,1
h6723,1
h6724,1
h6725,1
h6726,1
h6727,1
h6728,1
h6729,1
h6730,1
h6731,1
h6732,1
h6733,1
h6734,1
h6735,1
h6736,1
h6737,1
h6738,1
h6739,1
h6740,1
h6741,1
h6742,1
h6743,1
h6744,1
h6745,1
h6746,1
h6747,1
h6748,1
h6749,1
h6750,1
h6751,1
h6752,1
h6753,1
h6754,1
h6755,1
h6756,1
h6757,1
h6758,1
h6759,1
h6760,1
h6761,1
h6762,1
h6763,1
h6764,1
h6765,1
h6766,1
h6767,1
h6768,1
h6769,1
h6770,1
h6771,1
h6772,1
h6773,1
h6774,1
h6775,1
h6776,1
h6777,1
h6778,1
h6779,1
h6780,1
h6781,1
h6782,1
h6783,1
h6784,1
h6785,1
h6786,1
h6787,1
h6788,1
h6789,1
h6790,1
h6791,1
h6792,1
h6793,1
h6794,1
h6795,1
h6796,1
h6797,1
h6798,1
h6799,1
h6800,1
h6801,1
h6802,1
h6803,1
h6804,1
h6805,1
h6806,1
h6807,1
h6808,1
h6809,1
h6810,1
h6811,1
h6812,1
h6813,1
h6814,1
h6815,1
h6816,1
h6817,1
h6818,1
h6819,1
h6820,1
h6821,1
h6822,1
h6823,1
h6824,1
h6825,1
h6826,1
h6827,1
h6828,1
h6829,1
h6830,1
h6831,1
h6832,1
h6833,1
h6834,1
h6835,1
h6836,1
h6837,1
h6838,1
h6839,1
h6840,1
h6841,1
h6842,1
h6843,1
h6844,1
h6845,1
h6846,1
h6847,1
h6848,1
h6849,1
h6850,1
h6851,1
h6852,1
h6853,1
h6854,1
h6855,1
h6856,1
h6857,1
h6858,1
h6859,1
h6860,1
h6861,1
h6862,1
h6863,1
h6864,1
h6865,1
h6866,1
h6867,1
h6868,1
h6869,1
h6870,1
h6871,1
h6872,1
h6873,1
h6874,1
h6875,1
h6876,1
h6877,1
h6878,1
h6879,1
h6880,1
h6881,1
h6882,1
h6883,1
h6884,1
h6885,1
h6886,1
h6887,1
h6888,1
h6889,1
h6890,1
h6891,1
h6892,1
h6893,1
h6894,1
h6895,1
h6896,1
h6897,1
h6898,1
h6899,1
h6900,1
h6901,1
h6902,1
h6903,1
h6904,1
h6905,1
h6906,1
h6907,1
h6908,1
h6909,1
h6910,1
h6911,1
h6912,1
h6913,1
h6914,1
h6915,1
h6916,1
h6917,1
h6918,1
h6919,1
h6920,1
h6921,1
h6922,1
h6923,1
h6924,1
h6925,1
h6926,1
h6927,1
h6928,1
h6929,1
h6930,1
h6931,1
h6932,1
h6933,1
h6934,1
h6935,1
h6936,1
h6937,1
h6938,1
h6939,1
h6940,1
h6941,1
h6942,1
h6943,1
h6944,1
h6945,1
h6946,1
h6947,1
h6948,1
h6949,1
h6950,1
h6951,1
h6952,1
h6953,1
h6954,1
h6955,1
h6956,1
h6957,1
h6958,1
h6959,1
h6960,1
h6961,1
h6962,1
h6963,1
h6964,1
h6965,1
h6966,1
h6967,1
h6968,1
h6969,1
h6970,1
h6971,1
h6972,1
h6973,1
h6974,1
h6975,1
h6976,1
h6977,1
h6978,1
h6979,1
h6980,1
h6981,1
h6982,1
h6983,1
h6984,1
h6985,1
h6986,1
h6987,1
h6988,1
h6989,1
h6990,1
h6991,1
h6992,1
h6993,1
h6994,1
h6995,1
h6996,1
h6997,1
h6998,1
h6999,1
h7000,1
h7001,1
h7002,1
h7003,1
h7004,1
h7005,1
h7006,1
h7007,1
h7008,1
h7009,1
h7010,1
h7011,1
h7012,1
h7013,1
h7014,1
h7015,1
h7016,1
h7017,1
h7018,1
h7019,1
h7020,1
h7021,1
h7022,1
h7023,1
h7024,1
h7025,1
h7026,1
h7027,1
h7028,1
h7029,1
h7030,1
h7031,1
h7032,1
h7033,1
h7034,1
h7035,1
h7036,1
h7037,1
h7038,1
h7039,1
h7040,1
h7041,1
h7042,1
h7043,1
h7044,1
h7045,1
h7046,1
h7047,1
h7048,1
h7049,1
h7050,1
h7051,1
h7052,1
h7053,1
h7054,1
h7055,1
h7056,1
h7057,1
h7058,1
h7059,1
h7060,1
h7061,1
h7062,1
h7063,1
h7064,1
h7065,1
h7066,1
h7067,1
h7068,1
h7069,1
h7070,1
h7071,1
h7072,1
h7073,1
h7074,1
h7075,1
h7076,1
h7077,1
h7078,1
h7079,1
h7080,1
h7081,1
h7082,1
h7083,1
h7084,1
h7085,1
h7086,1
h7087,1
h7088,1
h7089,1
h7090,1
h7091,1
h7092,1
h7093,1
h7094,1
h7095,1
h7096,1
h7097,1
h7098,1
h7099,1
h7100,1
h7101,1
h7102,1
h7103,1
h7104,1
h7105,1
h7106,1
h7107,1
h7108,1
h7109,1
h7110,1
h7111,1
h7112,1
h7113,1
h7114,1
h7115,1
h7116,1
h7117,1
h7118,1
h7119,1
h7120,1
h7121,1
h7122,1
h7123,1
h7124,1
h7125,1
h7126,1
h7127,1
h7128,1
h7129,1
h7130,1
h7131,1
h7132,1
h7133,1
h7134,1
h7135,1
h7136,1
h7137,1
h7138,1
h7139,1
h7140,1
h7141,1
h7142,1
h7143,1
h7144,1
h7145,1
h7146,1
h7147,1
h7148,1
h7149,1
h7150,1
h7151,1
h7152,1
h7153,1
h7154,1
h7155,1
h7156,1
h7157,1
h7158,1
h7159,1
h7160,1
h7161,1
h7162,1
h7163,1
h7164,1
h7165,1
h7166,1
h7167,1
h7168,1
h7169,1
h7170,1
h7171,1
h7172,1
h7173,1
h7174,1
h7175,1
h7176,1
h7177,1
h7178,1
h7179,1
h7180,1
h7181,1
h7182,1
h7183,1
h7184,1
h7185,1
h7186,1
h7187,1
h7188,1
h7189,1
h7190,1
h7191,1
h7192,1
h7193,1
h7194,1
h7195,1
h7196,1
h7197,1
h7198,1
h7199,1
h7200,1
h7201,1
h7202,1
h7203,1
h7204,1
h7205,1
h7206,1
h7207,1
h7208,1
h7209,1
h7210,1
h7211,1
h7212,1
h7213,1
h7214,1
h7215,1
h7216,1
h7217,1
h7218,1
h7219,1
h7220,1
h7221,1
h7222,1
h7223,1
h7224,1
h7225,1
h7226,1
h7227,1
h7228,1
h7229,1
h7230,1
h7231,1
h7232,1
h7233,1
h7234,1
h7235,1
h7236,1
h7237,1
h7238,1
h7239,1
h7240,1
h7241,1
h7242,1
h7243,1
h7244,1
h7245,1
h7246,1
h7247,1
h7248,1
h7249,1
h7250,1
h7251,1
h7252,1
h7253,1
h7254,1
h7255,1
h7256,1
h7257,1
h7258,1
h7259,1
h7260,1
h7261,1
h7262,1
h7263,1
h7264,1
h7265,1
h7266,1
h7267,1
h7268,1
h7269,1
h7270,1
h7271,1
h7272,1
h7273,1
h7274,1
h7275,1
h7276,1
h7277,1
h7278,1
h7279,1
h7280,1
h7281,1
h7282,1
h7283,1
h7284,1
h7285,1
h7286,1
h7287,1
h7288,1
h7289,1
h7290,1
h7291,1
h7292,1
h7293,1
h7294,1
h7295,1
h7296,1
h7297,1
h7298,1
h7299,1
h7300,1
h7301,1
h7302,1
h7303,1
h7304,1
h7305,1
h7306,1
h7307,1
h7308,1
h7309,1
h7310,1
h7311,1
h7312,1
h7313,1
h7314,1
h7315,1
h7316,1
h7317,1
h7318,1
h7319,1
h7320,1
h7321,1
h7322,1
h7323,1
h7324,1
h7325,1
h7326,1
h7327,1
h7328,1
h7329,1
h7330,1
h7331,1
h7332,1
h7333,1
h7334,1
h7335,1
h7336,1
h7337,1
h7338,1
h7339,1
h7340,1
h7341,1
h7342,1
h7343,1
h7344,1
h7345,1
h7346,1
h7347,1
h7348,1
h7349,1
h7350,1
h7351,1
h7352,1
h7353,1
h7354,1
h7355,1
h7356,1
h7357,1
h7358,1
h7359,1
h7360,1
h7361,1
h7362,1
h7363,1
h7364,1
h7365,1
h7366,1
h7367,1
h7368,1
h7369,1
h7370,1
h7371,1
h7372,1
h7373,1
h7374,1
h7375,1
h7376,1
h7377,1
h7378,1
h7379,1
h7380,1
h7381,1
h7382,1
h7383,1
h7384,1
h7385,1
h7386,1
h7387,1
h7388,1
h7389,1
h7390,1
h7391,1
h7392,1
h7393,1
h7394,1
h7395,1
h7396,1
h7397,1
h7398,1
h7399,1
h7400,1
h7401,1
h7402,1
h7403,1
h7404,1
h7405,1
h7406,1
h7407,1
h7408,1
h7409,1
h7410,1
h7411,1
h7412,1
h7413,1
h7414,1
h7415,1
h7416,1
h7417,1
h7418,1
h7419,1
h7420,1
h7421,1
h7422,1
h7423,1
h7424,1
h7425,1
h7426,1
h7427,1
h7428,1
h7429,1
h7430,1
h7431,1
h7432,1
h7433,1
h7434,1
h7435,1
h7436,1
h7437,1
h7438,1
h7439,1
h7440,1
h7441,1
h7442,1
h7443,1
h7444,1
h7445,1
h7446,1
h7447,1
h7448,1
h7449,1
h7450,1
h7451,1
h7452,1
h7453,1
h7454,1
h7455,1
h7456,1
h7457,1
h7458,1
h7459,1
h7460,1
h7461,1
h7462,1
h7463,1
h7464,1
h7465,1
h7466,1
h7467,1
h7468,1
h7469,1
h7470,1
h7471,1
h7472,1
h7473,1
h7474,1
h7475,1
h7476,1
h7477,1
h7478,1
h7479,1
h7480,1
h7481,1
h7482,1
h7483,1
h7484,1
h7485,1
h7486,1
h7487,1
h7488,1
h7489,1
h7490,1
h7491,1
h7492,1
h7493,1
h7494,1
h7495,1
h7496,1
h7497,1
h7498,1
h7499,1
h7500,1
h7501,1
h7502,1
h7503,1
h7504,1
h7505,1
h7506,1
h7507,1
h7508,1
h7509,1
h7510,1
h7511,1
h7512,1
h7513,1
h7514,1
h7515,1
h7516,1
h7517,1
h7518,1
h7519,1
h7520,1
h7521,1
h7522,1
h7523,1
h7524,1
h7525,1
h7526,1
h7527,1
h7528,1
h7529,1
h7530,1
h7531,1
h7532,1
h7533,1
h7534,1
h7535,1
h7536,1
h7537,1
h7538,1
h7539,1
h7540,1
h7541,1
h7542,1
h7543,1
h7544,1
h7545,1
h7546,1
h7547,1
h7548,1
h7549,1
h7550,1
h7551,1
h7552,1
h7553,1
h7554,1
h7555,1
h7556,1
h7557,1
h7558,1
h7559,1
h7560,1
h7561,1
h7562,1
h7563,1
h7564,1
h7565,1
h7566,1
h7567,1
h7568,1
h7569,1
h7570,1
h7571,1
h7572,1
h7573,1
h7574,1
h7575,1
h7576,1
h7577,1
h7578,1
h7579,1
h7580,1
h7581,1
h7582,1
h7583,1
h7584,1
h7585,1
h7586,1
h7587,1
h7588,1
h7589,1
h7590,1
h7591,1
h7592,1
h7593,1
h7594,1
h7595,1
h7596,1
h7597,1
h7598,1
h7599,1
h7600,1
h7601,1
h7602,1
h7603,1
h7604,1
h7605,1
h7606,1
h7607,1
h7608,1
h7609,1
h7610,1
h7611,1
h7612,1
h7613,1
h7614,1
h7615,1
h7616,1
h7617,1
h7618,1
h7619,1
h7620,1
h7621,1
h7622,1
h7623,1
h7624,1
h7625,1
h7626,1
h7627,1
h7628,1
h7629,1
h7630,1
h7631,1
h7632,1
h7633,1
h7634,1
h7635,1
h7636,1
h7637,1
h7638,1
h7639,1
h7640,1
h7641,1
h7642,1
h7643,1
h7644,1
h7645,1
h7646,1
h7647,1
h7648,1
h7649,1
h7650,1
h7651,1
h7652,1
h7653,1
h7654,1
h7655,1
h7656,1
h7657,1
h7658,1
h7659,1
h7660,1
h7661,1
h7662,1
h7663,1
h7664,1
h7665,1
h7666,1
h7667,1
h7668,1
h7669,1
h7670,1
h7671,1
h7672,1
h7673,1
h7674,1
h7675,1
h7676,1
h7677,1
h7678,1
h7679,1
h7680,1
h7681,1
h7682,1
h7683,1
h7684,1
h7685,1
h7686,1
h7687,1
h7688,1
h7689,1
h7690,1
h7691,1
h7692,1
h7693,1
h7694,1
h7695,1
h7696,1
h7697,1
h7698,1
h7699,1
h7700,1
h7701,1
h7702,1
h7703,1
h7704,1
h7705,1
h7706,1
h7707,1
h7708,1
h7709,1
h7710,1
h7711,1
h7712,1
h7713,1
h7714,1
h7715,1
h7716,1
h7717,1
h7718,1
h7719,1
h7720,1
h7721,1
h7722,1
h7723,1
h7724,1
h7725,1
h7726,1
h7727,1
h7728,1
h7729,1
h7730,1
h7731,1
h7732,1
h7733,1
h7734,1
h7735,1
h7736,1
h7737,1
h7738,1
h7739,1
h7740,1
h7741,1
h7742,1
h7743,1
h7744,1
h7745,1
h7746,1
h7747,1
h7748,1
h7749,1
h7750,1
h7751,1
h7752,1
h7753,1
h7754,1
h7755,1
h7756,1
h7757,1
h7758,1
h7759,1
h7760,1
h7761,1
h7762,1
h7763,1
h7764,1
h7765,1
h7766,1
h7767,1
h7768,1
h7769,1
h7770,1
h7771,1
h7772,1
h7773,1
h7774,1
h7775,1
h7776,1
h7777,1
h7778,1
h7779,1
h7780,1
h7781,1
h7782,1
h7783,1
h7784,1
h7785,1
h7786,1
h7787,1
h7788,1
h7789,1
h7790,1
h7791,1
h7792,1
h7793,1
h7794,1
h7795,1
h7796,1
h7797,1
h7798,1
h7799,1
h7800,1
h7801,1
h7802,1
h7803,1
h7804,1
h7805,1
h7806,1
h7807,1
h7808,1
h7809,1
h7810,1
h7811,1
h7812,1
h7813,1
h7814,1
h7815,1
h7816,1
h7817,1
h7818,1
h7819,1
h7820,1
h7821,1
h7822,1
h7823,1
h7824,1
h7825,1
h7826,1
h7827,1
h7828,1
h7829,1
h7830,1
h7831,1
h7832,1
h7833,1
h7834,1
h7835,1
h7836,1
h7837,1
h7838,1
h7839,1
h7840,1
h7841,1
h7842,1
h7843,1
h7844,1
h7845,1
h7846,1
h7847,1
h7848,1
h7849,1
h7850,1
h7851,1
h7852,1
h7853,1
h7854,1
h7855,1
h7856,1
h7857,1
h7858,1
h7859,1
h7860,1
h7861,1
h7862,1
h7863,1
h7864,1
h7865,1
h7866,1
h7867,1
h7868,1
h7869,1
h7870,1
h7871,1
h7872,1
h7873,1
h7874,1
h7875,1
h7876,1
h7877,1
h7878,1
h7879,1
h7880,1
h7881,1
h7882,1
h7883,1
h7884,1
h7885,1
h7886,1
h7887,1
h7888,1
h7889,1
h7890,1
h7891,1
h7892,1
h7893,1
h7894,1
h7895,1
h7896,1
h7897,1
h7898,1
h7899,1
h7900,1
h7901,1
h7902,1
h7903,1
h7904,1
h7905,1
h7906,1
h7907,1
h7908,1
h7909,1
h7910,1
h7911,1
h7912,1
h7913,1
h7914,1
h7915,1
h7916,1
h7917,1
h7918,1
h7919,1
h7920,1
h7921,1
h7922,1
h7923,1
h7924,1
h7925,1
h7926,1
h7927,1
h7928,1
h7929,1
h7930,1
h7931,1
h7932,1
h7933,1
h7934,1
h7935,1
h7936,1
h7937,1
h7938,1
h7939,1
h7940,1
h7941,1
h7942,1
h7943,1
h7944,1
h7945,1
h7946,1
h7947,1
h7948,1
h7949,1
h7950,1
h7951,1
h7952,1
h7953,1
h7954,1
h7955,1
h7956,1
h7957,1
h7958,1
h7959,1
h7960,1
h7961,1
h7962,1
h7963,1
h7964,1
h7965,1
h7966,1
h7967,1
h7968,1
h7969,1
h7970,1
h7971,1
h7972,1
h7973,1
h7974,1
h7975,1
h7976,1
h7977,1
h7978,1
h7979,1
h7980,1
h7981,1
h7982,1
h7983,1
h7984,1
h7985,1
h7986,1
h7987,1
h7988,1
h7989,1
h7990,1
h7991,1
h7992,1
h7993,1
h7994,1
h7995,1
h7996,1
h7997,1
h7998,1
h7999,1
h8000,1
h8001,1
h8002,1
h8003,1
h8004,1
h8005,1
h8006,1
h8007,1
h8008,1
h8009,1
h8010,1
h8011,1
h8012,1
h8013,1
h8014,1
h8015,1
h8016,1
h8017,1
h8018,1
h8019,1
h8020,1
h8021,1
h8022,1
h8023,1
h8024,1
h8025,1
h8026,1
h8027,1
h8028,1
h8029,1
h8030,1
h8031,1
h8032,1
h8033,1
h8034,1
h8035,1
h8036,1
h8037,1
h8038,1
h8039,1
h8040,1
h8041,1
h8042,1
h8043,1
h8044,1
h8045,1
h8046,1
h8047,1
h8048,1
h8049,1
h8050,1
h8051,1
h8052,1
h8053,1
h8054,1
h8055,1
h8056,1
h8057,1
h8058,1
h8059,1
h8060,1
h8061,1
h8062,1
h8063,1
h8064,1
h8065,1
h8066,1
h8067,1
h8068,1
h8069,1
h8070,1
h8071,1
h8072,1
h8073,1
h8074,1
h8075,1
h8076,1
h8077,1
h8078,1
h8079,1
h8080,1
h8081,1
h8082,1
h8083,1
h8084,1
h8085,1
h8086,1
h8087,1
h8088,1
h8089,1
h8090,1
h8091,1
h8092,1
h8093,1
h8094,1
h8095,1
h8096,1
h8097,1
h8098,1
h8099,1
h8100,1
h8101,1
h8102,1
h8103,1
h8104,1
h8105,1
h8106,1
h8107,1
h8108,1
h8109,1
h8110,1
h8111,1
h8112,1
h8113,1
h8114,1
h8115,1
h8116,1
h8117,1
h8118,1
h8119,1
h8120,1
h8121,1
h8122,1
h8123,1
h8124,1
h8125,1
h8126,1
h8127,1
h8128,1
h8129,1
h8130,1
h8131,1
h8132,1
h8133,1
h8134,1
h8135,1
h8136,1
h8137,1
h8138,1
h8139,1
h8140,1
h8141,1
h8142,1
h8143,1
h8144,1
h8145,1
h8146,1
h8147,1
h8148,1
h8149,1
h8150,1
h8151,1
h8152,1
h8153,1
h8154,1
h8155,1
h8156,1
h8157,1
h8158,1
h8159,1
h8160,1
h8161,1
h8162,1
h8163,1
h8164,1
h8165,1
h8166,1
h8167,1
h8168,1
h8169,1
h8170,1
h8171,1
h8172,1
h8173,1
h8174,1
h8175,1
h8176,1
h8177,1
h8178,1
h8179,1
h8180,1
h8181,1
h8182,1
h8183,1
h8184,1
h8185,1
h8186,1
h8187,1
h8188,1
h8189,1
h8190,1
h8191,1
h8192,1
h8193,1
h8194,1
h8195,1
h8196,1
h8197,1
h8198,1
h8199,1
h8200,1
h8201,1
h8202,1
h8203,1
h8204,1
h8205,1
h8206,1
h8207,1
h8208,1
h8209,1
h8210,1
h8211,1
h8212,1
h8213,1
h8214,1
h8215,1
h8216,1
h8217,1
h8218,1
h8219,1
h8220,1
h8221,1
h8222,1
h8223,1
h8224,1
h8225,1
h8226,1
h8227,1
h8228,1
h8229,1
h8230,1
h8231,1
h8232,1
h8233,1
h8234,1
h8235,1
h8236,1
h8237,1
h8238,1
h8239,1
h8240,1
h8241,1
h8242,1
h8243,1
h8244,1
h8245,1
h8246,1
h8247,1
h8248,1
h8249,1
h8250,1
h8251,1
h8252,1
h8253,1
h8254,1
h8255,1
h8256,1
h8257,1
h8258,1
h8259,1
h8260,1
h8261,1
h8262,1
h8263,1
h8264,1
h8265,1
h8266,1
h8267,1
h8268,1
h8269,1
h8270,1
h8271,1
h8272,1
h8273,1
h8274,1
h8275,1
h8276,1
h8277,1
h8278,1
h8279,1
h8280,1
h8281,1
h8282,1
h8283,1
h8284,1
h8285,1
h8286,1
h8287,1
h8288,1
h8289,1
h8290,1
h8291,1
h8292,1
h8293,1
h8294,1
h8295,1
h8296,1
h8297,1
h8298,1
h8299,1
h8300,1
h8301,1
h8302,1
h8303,1
h8304,1
h8305,1
h8306,1
h8307,1
h8308,1
h8309,1
h8310,1
h8311,1
h8312,1
h8313,1
h8314,1
h8315,1
h8316,1
h8317,1
h8318,1
h8319,1
h8320,1
h8321,1
h8322,1
h8323,1
h8324,1
h8325,1
h8326,1
h8327,1
h8328,1
h8329,1
h8330,1
h8331,1
h8332,1
h8333,1
h8334,1
h8335,1
h8336,1
h8337,1
h8338,1
h8339,1
h8340,1
h8341,1
h8342,1
h8343,1
h8344,1
h8345,1
h8346,1
h8347,1
h8348,1
h8349,1
h8350,1
h8351,1
h8352,1
h8353,1
h8354,1
h8355,1
h8356,1
h8357,1
h8358,1
h8359,1
h8360,1
h8361,1
h8362,1
h8363,1
h8364,1
h8365,1
h8366,1
h8367,1
h8368,1
h8369,1
h8370,1
h8371,1
h8372,1
h8373,1
h8374,1
h8375,1
h8376,1
h8377,1
h8378,1
h8379,1
h8380,1
h8381,1
h8382,1
h8383,1
h8384,1
h8385,1
h8386,1
h8387,1
h8388,1
h8389,1
h8390,1
h8391,1
h8392,1
h8393,1
h8394,1
h8395,1
h8396,1
h8397,1
h8398,1
h8399,1
h8400,1
h8401,1
h8402,1
h8403,1
h8404,1
h8405,1
h8406,1
h8407,1
h8408,1
h8409,1
h8410,1
h8411,1
h8412,1
h8413,1
h8414,1
h8415,1
h8416,1
h8417,1
h8418,1
h8419,1
h8420,1
h8421,1
h8422,1
h8423,1
h8424,1
h8425,1
h8426,1
h8427,1
h8428,1
h8429,1
h8430,1
h8431,1
h8432,1
h8433,1
h8434,1
h8435,1
h8436,1
h8437,1
h8438,1
h8439,1
h8440,1
h8441,1
h8442,1
h8443,1
h8444,1
h8445,1
h8446,1
h8447,1
h8448,1
h8449,1
h8450,1
h8451,1
h8452,1
h8453,1
h8454,1
h8455,1
h8456,1
h8457,1
h8458,1
h8459,1
h8460,1
h8461,1
h8462,1
h8463,1
h8464,1
h8465,1
h8466,1
h8467,1
h8468,1
h8469,1
h8470,1
h8471,1
h8472,1
h8473,1
h8474,1
h8475,1
h8476,1
h8477,1
h8478,1
h8479,1
h8480,1
h8481,1
h8482,1
h8483,1
h8484,1
h8485,1
h8486,1
h8487,1
h8488,1
h8489,1
h8490,1
h8491,1
h8492,1
h8493,1
h8494,1
h8495,1
h8496,1
h8497,1
h8498,1
h8499,1
h8500,1
h8501,1
h8502,1
h8503,1
h8504,1
h8505,1
h8506,1
h8507,1
h8508,1
h8509,1
h8510,1
h8511,1
h8512,1
h8513,1
h8514,1
h8515,1
h8516,1
h8517,1
h8518,1
h8519,1
h8520,1
h8521,1
h8522,1
h8523,1
h8524,1
h8525,1
h8526,1
h8527,1
h8528,1
h8529,1
h8530,1
h8531,1
h8532,1
h8533,1
h8534,1
h8535,1
h8536,1
h8537,1
h8538,1
h8539,1
h8540,1
h8541,1
h8542,1
h8543,1
h8544,1
h8545,1
h8546,1
h8547,1
h8548,1
h8549,1
h8550,1
h8551,1
h8552,1
h8553,1
h8554,1
h8555,1
h8556,1
h8557,1
h8558,1
h8559,1
h8560,1
h8561,1
h8562,1
h8563,1
h8564,1
h8565,1
h8566,1
h8567,1
h8568,1
h8569,1
h8570,1
h8571,1
h8572,1
h8573,1
h8574,1
h8575,1
h8576,1
h8577,1
h8578,1
h8579,1
h8580,1
h8581,1
h8582,1
h8583,1
h8584,1
h8585,1
h8586,1
h8587,1
h8588,1
h8589,1
h8590,1
h8591,1
h8592,1
h8593,1
h8594,1
h8595,1
h8596,1
h8597,1
h8598,1
h8599,1
h8600,1
h8601,1
h8602,1
h8603,1
h8604,1
h8605,1
h8606,1
h8607,1
h8608,1
h8609,1
h8610,1
h8611,1
h8612,1
h8613,1
h8614,1
h8615,1
h8616,1
h8617,1
h8618,1
h8619,1
h8620,1
h8621,1
h8622,1
h8623,1
h8624,1
h8625,1
h8626,1
h8627,1
h8628,1
h8629,1
h8630,1
h8631,1
h8632,1
h8633,1
h8634,1
h8635,1
h8636,1
h8637,1
h8638,1
h8639,1
h8640,1
h8641,1
h8642,1
h8643,1
h8644,1
h8645,1
h8646,1
h8647,1
h8648,1
h8649,1
h8650,1
h8651,1
h8652,1
h8653,1
h8654,1
h8655,1
h8656,1
h8657,1
h8658,1
h8659,1
h8660,1
h8661,1
h8662,1
h8663,1
h8664,1
h8665,1
h8666,1
h8667,1
h8668,1
h8669,1
h8670,1
h8671,1
h8672,1
h8673,1
h8674,1
h8675,1
h8676,1
h8677,1
h8678,1
h8679,1
h8680,1
h8681,1
h8682,1
h8683,1
h8684,1
h8685,1
h8686,1
h8687,1
h8688,1
h8689,1
h8690,1
h8691,1
h8692,1
h8693,1
h8694,1
h8695,1
h8696,1
h8697,1
h8698,1
h8699,1
h8700,1
h8701,1
h8702,1
h8703,1
h8704,1
h8705,1
h8706,1
h8707,1
h8708,1
h8709,1
h8710,1
h8711,1
h8712,1
h8713,1
h8714,1
h8715,1
h8716,1
h8717,1
h8718,1
h8719,1
h8720,1
h8721,1
h8722,1
h8723,1
h8724,1
h8725,1
h8726,1
h8727,1
h8728,1
h8729,1
h8730,1
h8731,1
h8732,1
h8733,1
h8734,1
h8735,1
h8736,1
h8737,1
h8738,1
h8739,1
h8740,1
h8741,1
h8742,1
h8743,1
h8744,1
h8745,1
h8746,1
h8747,1
h8748,1
h8749,1
h8750,1
h8751,1
h8752,1
h8753,1
h8754,1
h8755,1
h8756,1
h8757,1
h8758,1
h8759,1
h8760,1
h8761,1
h8762,1
h8763,1
h8764,1
h8765,1
h8766,1
h8767,1
h8768,1
h8769,1
h8770,1
h8771,1
h8772,1
h8773,1
h8774,1
h8775,1
h8776,1
h8777,1
h8778,1
h8779,1
h8780,1
h8781,1
h8782,1
h8783,1
h8784,1